PURGE RECYCLEBIN;
ALTER SESSION SET nls_date_format='DD-MM-YYYY';
SET SERVEROUTPUT ON;
-- *************** DROPING ANY TABLES IF EXISTS *****************/
BEGIN
EXECUTE IMMEDIATE 'DROP TABLE TRANSACTION CASCADE CONSTRAINTS';
EXCEPTION
   WHEN OTHERS
   THEN NULL;
END;
/

BEGIN
EXECUTE IMMEDIATE 'DROP TABLE ACCOUNT CASCADE CONSTRAINTS';
EXCEPTION
   WHEN OTHERS
   THEN NULL;
END;
/

BEGIN
EXECUTE IMMEDIATE 'DROP TABLE CUSTOMER CASCADE CONSTRAINTS';
EXCEPTION
   WHEN OTHERS
   THEN NULL;
END;
/

BEGIN
EXECUTE IMMEDIATE 'DROP TABLE EMPLOYEE CASCADE CONSTRAINTS';
EXCEPTION
   WHEN OTHERS
   THEN NULL;
END;
/


BEGIN
EXECUTE IMMEDIATE 'DROP TABLE BRANCH CASCADE CONSTRAINTS';
EXCEPTION
   WHEN OTHERS
   THEN NULL;
END;
/

-- *************** CREATING TABLES *****************/
CREATE TABLE BRANCH(
BRANCH_ID INT NOT NULL PRIMARY KEY,
NAME VARCHAR2(50),
STREET VARCHAR2(50),
CITY VARCHAR2(50),
STATE VARCHAR2(50),
ZIPCODE INT
);

INSERT INTO BRANCH (BRANCH_ID, NAME, STREET, CITY, STATE, ZIPCODE) VALUES (1, 'Melvin Branch', 'Melvin', 'Hartford', 'Connecticut', '06118');
INSERT INTO BRANCH (BRANCH_ID, NAME, STREET, CITY, STATE, ZIPCODE) VALUES (2, 'High Crossing Branch', 'High Crossing', 'Kansas City', 'Kansas', '67502');
INSERT INTO BRANCH (BRANCH_ID, NAME, STREET, CITY, STATE, ZIPCODE) VALUES (3, 'Doe Crossing Branch', 'Doe Crossing', 'Anaheim', 'California', '90401');
INSERT INTO BRANCH (BRANCH_ID, NAME, STREET, CITY, STATE, ZIPCODE) VALUES (4, 'Fisk Branch', 'Fisk', 'Reston', 'Virginia', '20194');
INSERT INTO BRANCH (BRANCH_ID, NAME, STREET, CITY, STATE, ZIPCODE) VALUES (5, 'Jamaica Plain Branch', 'Jamaica Plain', 'Boston', 'Massachusetts', '02130');
COMMIT;

CREATE TABLE EMPLOYEE(
EMP_ID INT NOT NULL PRIMARY KEY,
BRANCH_ID INT REFERENCES BRANCH(BRANCH_ID) ON DELETE CASCADE,
FNAME VARCHAR2(50),
LNAME VARCHAR2(50),
STREET VARCHAR2(50),
CITY VARCHAR2(50),
STATE VARCHAR2(50),
ZIPCODE INT,
POSITION VARCHAR2(50) NOT NULL,
MOB_NO INT UNIQUE CONSTRAINT CHECK_EMP_MOB CHECK (MOB_NO BETWEEN 0 AND 9999999999),
EMAIL VARCHAR2(50) UNIQUE CONSTRAINT CHECK_EMP_EM CHECK (EMAIL LIKE '%@%.%'),
GENDER VARCHAR2(50) CONSTRAINT CHECK_EMP_G CHECK (GENDER IN ('MALE', 'FEMALE', 'OTHER')),
SSN INT NOT NULL UNIQUE,
DATE_OF_BIRTH DATE NOT NULL,
JOINING_DATE DATE NOT NULL
);

INSERT INTO EMPLOYEE (EMP_ID, BRANCH_ID, FNAME, LNAME, STREET, CITY, STATE, ZIPCODE, POSITION, MOB_NO, EMAIL, GENDER, SSN, DATE_OF_BIRTH, JOINING_DATE) VALUES (1, 4, 'Adela', 'Absolom', 'Butternut', 'San Diego', 'California', 93126, 'SUPERVISOR', '6192350885', 'aabsolom0@ow.ly', 'MALE', 268831, '29-04-1997', '06-11-2017');
INSERT INTO EMPLOYEE (EMP_ID, BRANCH_ID, FNAME, LNAME, STREET, CITY, STATE, ZIPCODE, POSITION, MOB_NO, EMAIL, GENDER, SSN, DATE_OF_BIRTH, JOINING_DATE) VALUES (2, 1, 'Tommie', 'Berthomieu', 'Hanson', 'Monroe', 'Louisiana', 61688, 'MANAGER', '3188586067', 'tberthomieu1@ifeng.com', 'FEMALE', 593762, '02-06-1982', '25-06-2016');
INSERT INTO EMPLOYEE (EMP_ID, BRANCH_ID, FNAME, LNAME, STREET, CITY, STATE, ZIPCODE, POSITION, MOB_NO, EMAIL, GENDER, SSN, DATE_OF_BIRTH, JOINING_DATE) VALUES (3, 3, 'Antonio', 'Youster', 'Fair Oaks', 'Rochester', 'New York', 18255, 'CLERK', '5851858893', 'ayouster2@loc.gov', 'MALE', 287256, '04-11-1984', '15-07-2016');
INSERT INTO EMPLOYEE (EMP_ID, BRANCH_ID, FNAME, LNAME, STREET, CITY, STATE, ZIPCODE, POSITION, MOB_NO, EMAIL, GENDER, SSN, DATE_OF_BIRTH, JOINING_DATE) VALUES (4, 4, 'Henry', 'Ewins', 'Declaration', 'Memphis', 'Tennessee', 11459, 'CLERK', '9018764415', 'hewins3@ezinearticles.com', 'MALE', 277079, '12-04-1981', '11-12-2021');
INSERT INTO EMPLOYEE (EMP_ID, BRANCH_ID, FNAME, LNAME, STREET, CITY, STATE, ZIPCODE, POSITION, MOB_NO, EMAIL, GENDER, SSN, DATE_OF_BIRTH, JOINING_DATE) VALUES (5, 4, 'Phillipp', 'Clendennen', 'Chinook', 'Des Moines', 'Iowa', 18066, 'CLERK', '5156190857', 'pclendennen4@amazon.co.uk', 'FEMALE', 211479, '10-06-1992', '30-07-2018');
INSERT INTO EMPLOYEE (EMP_ID, BRANCH_ID, FNAME, LNAME, STREET, CITY, STATE, ZIPCODE, POSITION, MOB_NO, EMAIL, GENDER, SSN, DATE_OF_BIRTH, JOINING_DATE) VALUES (6, 1, 'Regan', 'Hurd', 'Thompson', 'Richmond', 'California', 77659, 'CLERK', '5106262312', 'rhurd5@omniture.com', 'MALE', 768096, '24-06-1983', '12-09-2018');
INSERT INTO EMPLOYEE (EMP_ID, BRANCH_ID, FNAME, LNAME, STREET, CITY, STATE, ZIPCODE, POSITION, MOB_NO, EMAIL, GENDER, SSN, DATE_OF_BIRTH, JOINING_DATE) VALUES (7, 4, 'Eldon', 'Corston', 'Jenifer', 'Akron', 'Ohio', 36682, 'CLERK', '3306026705', 'ecorston6@webs.com', 'MALE', 780297, '27-10-1986', '24-05-2019');
INSERT INTO EMPLOYEE (EMP_ID, BRANCH_ID, FNAME, LNAME, STREET, CITY, STATE, ZIPCODE, POSITION, MOB_NO, EMAIL, GENDER, SSN, DATE_OF_BIRTH, JOINING_DATE) VALUES (8, 5, 'Tana', 'Harrington', 'Banding', 'Saint Paul', 'Minnesota', 80949, 'CLERK', '6512367412', 'tharrington7@seattletimes.com', 'MALE', 913003, '10-04-1977', '03-09-2018');
INSERT INTO EMPLOYEE (EMP_ID, BRANCH_ID, FNAME, LNAME, STREET, CITY, STATE, ZIPCODE, POSITION, MOB_NO, EMAIL, GENDER, SSN, DATE_OF_BIRTH, JOINING_DATE) VALUES (9, 3, 'Jeniffer', 'Gentner', 'Blue Bill Park', 'San Jose', 'California', 12406, 'CLERK', '4086958504', 'jgentner8@umich.edu', 'FEMALE', 572379, '09-11-1978', '13-11-2022');
INSERT INTO EMPLOYEE (EMP_ID, BRANCH_ID, FNAME, LNAME, STREET, CITY, STATE, ZIPCODE, POSITION, MOB_NO, EMAIL, GENDER, SSN, DATE_OF_BIRTH, JOINING_DATE) VALUES (10, 1, 'Justis', 'Kellen', 'Anzinger', 'Pensacola', 'Florida', 63829, 'CLERK', '8502317053', 'jkellen9@shareasale.com', 'FEMALE', 419317, '15-12-1999', '02-02-2021');
INSERT INTO EMPLOYEE (EMP_ID, BRANCH_ID, FNAME, LNAME, STREET, CITY, STATE, ZIPCODE, POSITION, MOB_NO, EMAIL, GENDER, SSN, DATE_OF_BIRTH, JOINING_DATE) VALUES (11, 1, 'Berty', 'Olivari', 'Sutteridge', 'Atlanta', 'Georgia', 98897, 'CLERK', '4047741739', 'bolivaria@hp.com', 'FEMALE', 362638, '10-07-1987', '27-08-2017');
INSERT INTO EMPLOYEE (EMP_ID, BRANCH_ID, FNAME, LNAME, STREET, CITY, STATE, ZIPCODE, POSITION, MOB_NO, EMAIL, GENDER, SSN, DATE_OF_BIRTH, JOINING_DATE) VALUES (12, 3, 'Grove', 'Mordecai', 'Hazelcrest', 'Dallas', 'Texas', 31375, 'CLERK', '2143335971', 'gmordecaib@tamu.edu', 'FEMALE', 662859, '21-08-1971', '12-07-2017');
INSERT INTO EMPLOYEE (EMP_ID, BRANCH_ID, FNAME, LNAME, STREET, CITY, STATE, ZIPCODE, POSITION, MOB_NO, EMAIL, GENDER, SSN, DATE_OF_BIRTH, JOINING_DATE) VALUES (13, 1, 'Adan', 'Rudman', 'Meadow Ridge', 'Ocala', 'Florida', 60319, 'CLERK', '3529172588', 'arudmanc@moonfruit.com', 'FEMALE', 604921, '19-09-2000', '17-04-2016');
INSERT INTO EMPLOYEE (EMP_ID, BRANCH_ID, FNAME, LNAME, STREET, CITY, STATE, ZIPCODE, POSITION, MOB_NO, EMAIL, GENDER, SSN, DATE_OF_BIRTH, JOINING_DATE) VALUES (14, 1, 'Waverley', 'Tripett', 'East', 'Birmingham', 'Alabama', 18562, 'SUPERVISOR', '2053812404', 'wtripettd@addthis.com', 'FEMALE', 757841, '12-12-1988', '13-03-2019');
INSERT INTO EMPLOYEE (EMP_ID, BRANCH_ID, FNAME, LNAME, STREET, CITY, STATE, ZIPCODE, POSITION, MOB_NO, EMAIL, GENDER, SSN, DATE_OF_BIRTH, JOINING_DATE) VALUES (15, 3, 'Ailbert', 'Frantzeni', 'Longview', 'Boca Raton', 'Florida', 55861, 'CLERK', '5615301883', 'afrantzenie@ft.com', 'MALE', 974070, '07-12-1978', '01-01-2018');
INSERT INTO EMPLOYEE (EMP_ID, BRANCH_ID, FNAME, LNAME, STREET, CITY, STATE, ZIPCODE, POSITION, MOB_NO, EMAIL, GENDER, SSN, DATE_OF_BIRTH, JOINING_DATE) VALUES (16, 4, 'Ursula', 'Skirving', 'Moulton', 'Silver Spring', 'Maryland', 33398, 'CLERK', '3016357193', 'uskirvingf@zimbio.com', 'FEMALE', 497078, '11-10-1987', '19-02-2019');
INSERT INTO EMPLOYEE (EMP_ID, BRANCH_ID, FNAME, LNAME, STREET, CITY, STATE, ZIPCODE, POSITION, MOB_NO, EMAIL, GENDER, SSN, DATE_OF_BIRTH, JOINING_DATE) VALUES (17, 3, 'Llywellyn', 'Fronks', 'Onsgard', 'Springfield', 'Illinois', 94999, 'CLERK', '2174391257', 'lfronksg@geocities.jp', 'MALE', 531201, '26-05-1998', '05-05-2020');
INSERT INTO EMPLOYEE (EMP_ID, BRANCH_ID, FNAME, LNAME, STREET, CITY, STATE, ZIPCODE, POSITION, MOB_NO, EMAIL, GENDER, SSN, DATE_OF_BIRTH, JOINING_DATE) VALUES (18, 5, 'Shell', 'Nesbeth', 'Sutteridge', 'Topeka', 'Kansas', 66274, 'CLERK', '7852083006', 'snesbethh@51.la', 'MALE', 661247, '25-09-1975', '14-04-2020');
INSERT INTO EMPLOYEE (EMP_ID, BRANCH_ID, FNAME, LNAME, STREET, CITY, STATE, ZIPCODE, POSITION, MOB_NO, EMAIL, GENDER, SSN, DATE_OF_BIRTH, JOINING_DATE) VALUES (19, 5, 'Chanda', 'Reveley', 'Milwaukee', 'Midland', 'Texas', 57846, 'CLERK', '4323970613', 'creveleyi@webeden.co.uk', 'MALE', 275940, '12-03-2001', '01-03-2016');
INSERT INTO EMPLOYEE (EMP_ID, BRANCH_ID, FNAME, LNAME, STREET, CITY, STATE, ZIPCODE, POSITION, MOB_NO, EMAIL, GENDER, SSN, DATE_OF_BIRTH, JOINING_DATE) VALUES (20, 2, 'Jane', 'Veel', 'Chinook', 'Richmond', 'Virginia', 59606, 'CLERK', '8042749986', 'jveelj@arizona.edu', 'MALE', 655934, '13-09-1974', '28-09-2020');
INSERT INTO EMPLOYEE (EMP_ID, BRANCH_ID, FNAME, LNAME, STREET, CITY, STATE, ZIPCODE, POSITION, MOB_NO, EMAIL, GENDER, SSN, DATE_OF_BIRTH, JOINING_DATE) VALUES (21, 5, 'Ricky', 'Arens', 'Center', 'Terre Haute', 'Indiana', 17940, 'CLERK', '8128395266', 'rarensk@nasa.gov', 'FEMALE', 217757, '09-07-1986', '19-10-2019');
INSERT INTO EMPLOYEE (EMP_ID, BRANCH_ID, FNAME, LNAME, STREET, CITY, STATE, ZIPCODE, POSITION, MOB_NO, EMAIL, GENDER, SSN, DATE_OF_BIRTH, JOINING_DATE) VALUES (22, 3, 'Bernelle', 'Morphey', 'Esch', 'Jackson', 'Mississippi', 47131, 'CLERK', '6017707978', 'bmorpheyl@biglobe.ne.jp', 'FEMALE', 264601, '21-01-1974', '16-10-2016');
INSERT INTO EMPLOYEE (EMP_ID, BRANCH_ID, FNAME, LNAME, STREET, CITY, STATE, ZIPCODE, POSITION, MOB_NO, EMAIL, GENDER, SSN, DATE_OF_BIRTH, JOINING_DATE) VALUES (23, 2, 'Normie', 'Rumens', 'Schmedeman', 'Dulles', 'Virginia', 75256, 'MANAGER', '5719510407', 'nrumensm@webnode.com', 'MALE', 289762, '13-01-1988', '05-07-2020');
INSERT INTO EMPLOYEE (EMP_ID, BRANCH_ID, FNAME, LNAME, STREET, CITY, STATE, ZIPCODE, POSITION, MOB_NO, EMAIL, GENDER, SSN, DATE_OF_BIRTH, JOINING_DATE) VALUES (24, 1, 'Walt', 'Jocelyn', 'Basil', 'Augusta', 'Georgia', 30340, 'CLERK', '7068493307', 'wjocelynn@privacy.gov.au', 'FEMALE', 671586, '16-11-1972', '19-07-2022');
INSERT INTO EMPLOYEE (EMP_ID, BRANCH_ID, FNAME, LNAME, STREET, CITY, STATE, ZIPCODE, POSITION, MOB_NO, EMAIL, GENDER, SSN, DATE_OF_BIRTH, JOINING_DATE) VALUES (25, 4, 'Stephi', 'Baseke', 'Lillian', 'Washington', 'District of Columbia', 37647, 'CLERK', '2024789019', 'sbasekeo@wordpress.com', 'MALE', 836966, '22-08-1987', '08-06-2017');
INSERT INTO EMPLOYEE (EMP_ID, BRANCH_ID, FNAME, LNAME, STREET, CITY, STATE, ZIPCODE, POSITION, MOB_NO, EMAIL, GENDER, SSN, DATE_OF_BIRTH, JOINING_DATE) VALUES (26, 2, 'Galina', 'Genney', 'Dawn', 'El Paso', 'Texas', 13175, 'CLERK', '9152270123', 'ggenneyp@delicious.com', 'MALE', 202666, '07-07-2000', '13-03-2019');
INSERT INTO EMPLOYEE (EMP_ID, BRANCH_ID, FNAME, LNAME, STREET, CITY, STATE, ZIPCODE, POSITION, MOB_NO, EMAIL, GENDER, SSN, DATE_OF_BIRTH, JOINING_DATE) VALUES (27, 3, 'Gwenora', 'Boncore', 'Scoville', 'Atlanta', 'Georgia', 25547, 'CLERK', '4046512860', 'gboncoreq@omniture.com', 'MALE', 553451, '12-04-1984', '24-11-2021');
INSERT INTO EMPLOYEE (EMP_ID, BRANCH_ID, FNAME, LNAME, STREET, CITY, STATE, ZIPCODE, POSITION, MOB_NO, EMAIL, GENDER, SSN, DATE_OF_BIRTH, JOINING_DATE) VALUES (28, 2, 'Tamar', 'Gilli', 'Blackbird', 'Portland', 'Oregon', 18399, 'CLERK', '9714631381', 'tgillir@yellowbook.com', 'MALE', 745887, '22-09-1987', '27-11-2021');
INSERT INTO EMPLOYEE (EMP_ID, BRANCH_ID, FNAME, LNAME, STREET, CITY, STATE, ZIPCODE, POSITION, MOB_NO, EMAIL, GENDER, SSN, DATE_OF_BIRTH, JOINING_DATE) VALUES (29, 1, 'Josey', 'Dallman', 'Cottonwood', 'Houston', 'Texas', 47030, 'CLERK', '2816486322', 'jdallmans@wordpress.com', 'MALE', 350278, '30-12-1987', '12-01-2021');
INSERT INTO EMPLOYEE (EMP_ID, BRANCH_ID, FNAME, LNAME, STREET, CITY, STATE, ZIPCODE, POSITION, MOB_NO, EMAIL, GENDER, SSN, DATE_OF_BIRTH, JOINING_DATE) VALUES (30, 5, 'Dalston', 'Klima', 'Lunder', 'Lexington', 'Kentucky', 80426, 'CLERK', '8594067623', 'dklimat@yolasite.com', 'MALE', 510436, '27-12-1987', '08-01-2016');
INSERT INTO EMPLOYEE (EMP_ID, BRANCH_ID, FNAME, LNAME, STREET, CITY, STATE, ZIPCODE, POSITION, MOB_NO, EMAIL, GENDER, SSN, DATE_OF_BIRTH, JOINING_DATE) VALUES (31, 5, 'Marna', 'Gergus', 'Bellgrove', 'Spokane', 'Washington', 33814, 'CLERK', '5096879305', 'mgergusu@delicious.com', 'MALE', 510091, '07-07-1989', '08-09-2020');
INSERT INTO EMPLOYEE (EMP_ID, BRANCH_ID, FNAME, LNAME, STREET, CITY, STATE, ZIPCODE, POSITION, MOB_NO, EMAIL, GENDER, SSN, DATE_OF_BIRTH, JOINING_DATE) VALUES (32, 2, 'Jordon', 'Icom', 'Knutson', 'Washington', 'District of Columbia', 26189, 'CLERK', '2029967186', 'jicomv@plala.or.jp', 'FEMALE', 107463, '06-11-1982', '19-10-2020');
INSERT INTO EMPLOYEE (EMP_ID, BRANCH_ID, FNAME, LNAME, STREET, CITY, STATE, ZIPCODE, POSITION, MOB_NO, EMAIL, GENDER, SSN, DATE_OF_BIRTH, JOINING_DATE) VALUES (33, 2, 'Dawna', 'Manginot', 'Cambridge', 'Reno', 'Nevada', 22790, 'SUPERVISOR', '7752652425', 'dmanginotw@soundcloud.com', 'MALE', 639844, '02-01-1974', '27-12-2019');
INSERT INTO EMPLOYEE (EMP_ID, BRANCH_ID, FNAME, LNAME, STREET, CITY, STATE, ZIPCODE, POSITION, MOB_NO, EMAIL, GENDER, SSN, DATE_OF_BIRTH, JOINING_DATE) VALUES (34, 2, 'Gradey', 'Jennick', 'Bunting', 'Bowie', 'Maryland', 94692, 'CLERK', '2408488629', 'gjennickx@squarespace.com', 'MALE', 282732, '11-04-1988', '08-04-2021');
INSERT INTO EMPLOYEE (EMP_ID, BRANCH_ID, FNAME, LNAME, STREET, CITY, STATE, ZIPCODE, POSITION, MOB_NO, EMAIL, GENDER, SSN, DATE_OF_BIRTH, JOINING_DATE) VALUES (35, 5, 'Gussie', 'Binnie', 'Old Gate', 'Corona', 'California', 79914, 'CLERK', '9517986756', 'gbinniey@vistaprint.com', 'FEMALE', 802768, '23-04-1977', '02-11-2017');
INSERT INTO EMPLOYEE (EMP_ID, BRANCH_ID, FNAME, LNAME, STREET, CITY, STATE, ZIPCODE, POSITION, MOB_NO, EMAIL, GENDER, SSN, DATE_OF_BIRTH, JOINING_DATE) VALUES (36, 2, 'Nani', 'Triner', 'Forest Dale', 'Des Moines', 'Iowa', 37080, 'CLERK', '5154007397', 'ntrinerz@addtoany.com', 'FEMALE', 425727, '04-08-1985', '21-01-2019');
INSERT INTO EMPLOYEE (EMP_ID, BRANCH_ID, FNAME, LNAME, STREET, CITY, STATE, ZIPCODE, POSITION, MOB_NO, EMAIL, GENDER, SSN, DATE_OF_BIRTH, JOINING_DATE) VALUES (37, 5, 'Sidney', 'Ghidetti', 'Village Green', 'Sacramento', 'California', 59718, 'CLERK', '9167317751', 'sghidetti10@virginia.edu', 'FEMALE', 227939, '22-04-1974', '29-07-2022');
INSERT INTO EMPLOYEE (EMP_ID, BRANCH_ID, FNAME, LNAME, STREET, CITY, STATE, ZIPCODE, POSITION, MOB_NO, EMAIL, GENDER, SSN, DATE_OF_BIRTH, JOINING_DATE) VALUES (38, 3, 'Corrina', 'Corrin', 'Sugar', 'Portland', 'Oregon', 65830, 'CLERK', '5032236926', 'ccorrin11@ovh.net', 'MALE', 910546, '20-09-1975', '11-03-2022');
INSERT INTO EMPLOYEE (EMP_ID, BRANCH_ID, FNAME, LNAME, STREET, CITY, STATE, ZIPCODE, POSITION, MOB_NO, EMAIL, GENDER, SSN, DATE_OF_BIRTH, JOINING_DATE) VALUES (39, 5, 'Hollis', 'Skillern', 'Monterey', 'Honolulu', 'Hawaii', 84179, 'CLERK', '8083915941', 'hskillern12@hc360.com', 'FEMALE', 273327, '04-03-1996', '11-03-2016');
INSERT INTO EMPLOYEE (EMP_ID, BRANCH_ID, FNAME, LNAME, STREET, CITY, STATE, ZIPCODE, POSITION, MOB_NO, EMAIL, GENDER, SSN, DATE_OF_BIRTH, JOINING_DATE) VALUES (40, 1, 'Flemming', 'Robottom', 'Lighthouse Bay', 'Tulsa', 'Oklahoma', 50028, 'CLERK', '9183672738', 'frobottom13@jugem.jp', 'MALE', 685338, '06-07-1997', '15-04-2020');
INSERT INTO EMPLOYEE (EMP_ID, BRANCH_ID, FNAME, LNAME, STREET, CITY, STATE, ZIPCODE, POSITION, MOB_NO, EMAIL, GENDER, SSN, DATE_OF_BIRTH, JOINING_DATE) VALUES (41, 3, 'Janek', 'MacIlhagga', 'Florence', 'Topeka', 'Kansas', 20289, 'SUPERVISOR', '7855733742', 'jmacilhagga14@china.com.cn', 'MALE', 657137, '12-07-2000', '17-04-2017');
INSERT INTO EMPLOYEE (EMP_ID, BRANCH_ID, FNAME, LNAME, STREET, CITY, STATE, ZIPCODE, POSITION, MOB_NO, EMAIL, GENDER, SSN, DATE_OF_BIRTH, JOINING_DATE) VALUES (42, 3, 'Katy', 'Gurge', 'Brown', 'El Paso', 'Texas', 51463, 'MANAGER', '9156866731', 'kgurge15@domainmarket.com', 'MALE', 545504, '06-07-1991', '03-05-2021');
INSERT INTO EMPLOYEE (EMP_ID, BRANCH_ID, FNAME, LNAME, STREET, CITY, STATE, ZIPCODE, POSITION, MOB_NO, EMAIL, GENDER, SSN, DATE_OF_BIRTH, JOINING_DATE) VALUES (43, 4, 'Marlane', 'Toffano', 'Helena', 'Greensboro', 'North Carolina', 27870, 'MANAGER', '3362495719', 'mtoffano16@virginia.edu', 'FEMALE', 304253, '28-03-1988', '17-06-2017');
INSERT INTO EMPLOYEE (EMP_ID, BRANCH_ID, FNAME, LNAME, STREET, CITY, STATE, ZIPCODE, POSITION, MOB_NO, EMAIL, GENDER, SSN, DATE_OF_BIRTH, JOINING_DATE) VALUES (44, 2, 'Maxy', 'Haylands', 'Crest Line', 'New Haven', 'Connecticut', 44002, 'CLERK', '2036590197', 'mhaylands17@facebook.com', 'FEMALE', 784891, '31-05-1983', '20-06-2019');
INSERT INTO EMPLOYEE (EMP_ID, BRANCH_ID, FNAME, LNAME, STREET, CITY, STATE, ZIPCODE, POSITION, MOB_NO, EMAIL, GENDER, SSN, DATE_OF_BIRTH, JOINING_DATE) VALUES (45, 3, 'Lorens', 'Slayny', 'Corben', 'Cambridge', 'Massachusetts', 39271, 'CLERK', '6171272696', 'lslayny18@joomla.org', 'MALE', 858154, '24-04-1991', '22-12-2018');
INSERT INTO EMPLOYEE (EMP_ID, BRANCH_ID, FNAME, LNAME, STREET, CITY, STATE, ZIPCODE, POSITION, MOB_NO, EMAIL, GENDER, SSN, DATE_OF_BIRTH, JOINING_DATE) VALUES (46, 4, 'Dud', 'Andren', 'Calypso', 'Jersey City', 'New Jersey', 47222, 'CLERK', '5519280295', 'dandren19@creativecommons.org', 'FEMALE', 823803, '02-01-1993', '10-10-2021');
INSERT INTO EMPLOYEE (EMP_ID, BRANCH_ID, FNAME, LNAME, STREET, CITY, STATE, ZIPCODE, POSITION, MOB_NO, EMAIL, GENDER, SSN, DATE_OF_BIRTH, JOINING_DATE) VALUES (47, 4, 'Meredith', 'Curphey', 'Spenser', 'Oakland', 'California', 46190, 'CLERK', '5103142779', 'mcurphey1a@shop-pro.jp', 'FEMALE', 221559, '28-02-1996', '21-02-2018');
INSERT INTO EMPLOYEE (EMP_ID, BRANCH_ID, FNAME, LNAME, STREET, CITY, STATE, ZIPCODE, POSITION, MOB_NO, EMAIL, GENDER, SSN, DATE_OF_BIRTH, JOINING_DATE) VALUES (48, 5, 'Gerhardt', 'Pickersgill', 'Holmberg', 'Midland', 'Michigan', 78858, 'MANAGER', '9895738546', 'gpickersgill1b@sakura.ne.jp', 'FEMALE', 674937, '06-10-1977', '01-08-2022');
INSERT INTO EMPLOYEE (EMP_ID, BRANCH_ID, FNAME, LNAME, STREET, CITY, STATE, ZIPCODE, POSITION, MOB_NO, EMAIL, GENDER, SSN, DATE_OF_BIRTH, JOINING_DATE) VALUES (49, 2, 'Flossi', 'Mikalski', 'Debra', 'Seattle', 'Washington', 34155, 'CLERK', '2065854904', 'fmikalski1c@infoseek.co.jp', 'MALE', 291334, '02-01-1975', '08-09-2016');
INSERT INTO EMPLOYEE (EMP_ID, BRANCH_ID, FNAME, LNAME, STREET, CITY, STATE, ZIPCODE, POSITION, MOB_NO, EMAIL, GENDER, SSN, DATE_OF_BIRTH, JOINING_DATE) VALUES (50, 5, 'Yancy', 'Flement', 'Maple', 'Staten Island', 'New York', 36612, 'SUPERVISOR', '7188626401', 'yflement1d@walmart.com', 'MALE', 213830, '08-12-1994', '02-03-2016');
COMMIT;

CREATE TABLE CUSTOMER(
CUST_ID INT NOT NULL PRIMARY KEY,
EMP_ID INT REFERENCES EMPLOYEE(EMP_ID)  ON DELETE CASCADE,
FNAME VARCHAR2(50),
LNAME VARCHAR2(50),
STREET VARCHAR2(50),
CITY VARCHAR2(50),
STATE VARCHAR2(50),
ZIPCODE INT,
MOB_NO INT UNIQUE CONSTRAINT CHECK_CUST_MOB CHECK (MOB_NO BETWEEN 0 AND 9999999999),
EMAIL VARCHAR2(50) UNIQUE CONSTRAINT CHECK_CUST_EM CHECK (EMAIL LIKE '%@%.%'),
GENDER VARCHAR2(50) CONSTRAINT CHECK_CUST_G CHECK (GENDER IN ('MALE', 'FEMALE', 'OTHER')),
SSN INT NOT NULL UNIQUE,
DATE_OF_BIRTH DATE,
NATIONALITY VARCHAR2(50),
USERNAME VARCHAR2(50) NOT NULL UNIQUE,
PASSWORD VARCHAR2(50) NOT NULL
);

INSERT INTO CUSTOMER (CUST_ID, EMP_ID, FNAME, LNAME, STREET, CITY, STATE, ZIPCODE, MOB_NO, EMAIL, GENDER, SSN, DATE_OF_BIRTH, NATIONALITY, USERNAME, PASSWORD) VALUES (1, 1, 'Florrie', 'Newing', 'Orin', 'Youngstown', 'Ohio', 22496, '3307039484', 'fnewing0@furl.net', 'MALE', 493054, '15-01-1972', 'United States', 'fnewing0', 'rnzMdNC4vQP');
INSERT INTO CUSTOMER (CUST_ID, EMP_ID, FNAME, LNAME, STREET, CITY, STATE, ZIPCODE, MOB_NO, EMAIL, GENDER, SSN, DATE_OF_BIRTH, NATIONALITY, USERNAME, PASSWORD) VALUES (2, 41, 'Johna', 'Benterman', 'Veith', 'Dayton', 'Ohio', 67897, '9374903169', 'jbenterman1@ox.ac.uk', 'FEMALE', 775110, '07-06-1978', 'United States', 'jbenterman1', '1zlTaKMKq8Ar');
INSERT INTO CUSTOMER (CUST_ID, EMP_ID, FNAME, LNAME, STREET, CITY, STATE, ZIPCODE, MOB_NO, EMAIL, GENDER, SSN, DATE_OF_BIRTH, NATIONALITY, USERNAME, PASSWORD) VALUES (3, 12, 'Rosa', 'MacSporran', 'Hazelcrest', 'Charlotte', 'North Carolina', 98696, '7049457557', 'rmacsporran2@stumbleupon.com', 'FEMALE', 872446, '04-06-1995', 'United States', 'rmacsporran2', '6L5Pq9HVi');
INSERT INTO CUSTOMER (CUST_ID, EMP_ID, FNAME, LNAME, STREET, CITY, STATE, ZIPCODE, MOB_NO, EMAIL, GENDER, SSN, DATE_OF_BIRTH, NATIONALITY, USERNAME, PASSWORD) VALUES (4, 33, 'Franky', 'Duddell', 'Hudson', 'Albuquerque', 'New Mexico', 14454, '5056611243', 'fduddell3@samsung.com', 'MALE', 251214, '07-10-1988', 'United States', 'fduddell3', 'JKlW3tc4Z');
INSERT INTO CUSTOMER (CUST_ID, EMP_ID, FNAME, LNAME, STREET, CITY, STATE, ZIPCODE, MOB_NO, EMAIL, GENDER, SSN, DATE_OF_BIRTH, NATIONALITY, USERNAME, PASSWORD) VALUES (5, 29, 'Trenton', 'Voase', 'Eagle Crest', 'Norfolk', 'Virginia', 14381, '7576127321', 'tvoase4@globo.com', 'FEMALE', 708902, '20-07-1983', 'United States', 'tvoase4', 'w4mcPr');
INSERT INTO CUSTOMER (CUST_ID, EMP_ID, FNAME, LNAME, STREET, CITY, STATE, ZIPCODE, MOB_NO, EMAIL, GENDER, SSN, DATE_OF_BIRTH, NATIONALITY, USERNAME, PASSWORD) VALUES (6, 8, 'Townie', 'Skewis', 'Kennedy', 'Newport News', 'Virginia', 77592, '7579044064', 'tskewis5@1688.com', 'FEMALE', 419828, '01-04-1990', 'United States', 'tskewis5', '6ejpyw0bF');
INSERT INTO CUSTOMER (CUST_ID, EMP_ID, FNAME, LNAME, STREET, CITY, STATE, ZIPCODE, MOB_NO, EMAIL, GENDER, SSN, DATE_OF_BIRTH, NATIONALITY, USERNAME, PASSWORD) VALUES (7, 31, 'Arabele', 'Haslewood', 'American', 'Salem', 'Oregon', 72193, '9713159878', 'ahaslewood6@pagesperso-orange.fr', 'FEMALE', 479586, '18-12-2001', 'United States', 'ahaslewood6', '4XuhymuCc');
INSERT INTO CUSTOMER (CUST_ID, EMP_ID, FNAME, LNAME, STREET, CITY, STATE, ZIPCODE, MOB_NO, EMAIL, GENDER, SSN, DATE_OF_BIRTH, NATIONALITY, USERNAME, PASSWORD) VALUES (8, 40, 'Constance', 'De Malchar', 'Bay', 'Arlington', 'Virginia', 66084, '5719360416', 'cdemalchar7@prlog.org', 'FEMALE', 503952, '20-07-1971', 'United States', 'cdemalchar7', 'QWDWm9HUn9t');
INSERT INTO CUSTOMER (CUST_ID, EMP_ID, FNAME, LNAME, STREET, CITY, STATE, ZIPCODE, MOB_NO, EMAIL, GENDER, SSN, DATE_OF_BIRTH, NATIONALITY, USERNAME, PASSWORD) VALUES (9, 22, 'Beverie', 'Styche', 'Jenifer', 'Miami', 'Florida', 68911, '7867220740', 'bstyche8@slideshare.net', 'FEMALE', 223108, '13-12-1979', 'United States', 'bstyche8', 'ENVrqwXqm7');
INSERT INTO CUSTOMER (CUST_ID, EMP_ID, FNAME, LNAME, STREET, CITY, STATE, ZIPCODE, MOB_NO, EMAIL, GENDER, SSN, DATE_OF_BIRTH, NATIONALITY, USERNAME, PASSWORD) VALUES (10, 33, 'Rae', 'Capp', 'Sloan', 'Jamaica', 'New York', 90011, '7187295375', 'rcapp9@privacy.gov.au', 'MALE', 685268, '18-02-1979', 'United States', 'rcapp9', 'QFw9PXsqE');
INSERT INTO CUSTOMER (CUST_ID, EMP_ID, FNAME, LNAME, STREET, CITY, STATE, ZIPCODE, MOB_NO, EMAIL, GENDER, SSN, DATE_OF_BIRTH, NATIONALITY, USERNAME, PASSWORD) VALUES (11, 38, 'Natassia', 'Huffer', 'Tomscot', 'Tampa', 'Florida', 54616, '8138140695', 'nhuffera@techcrunch.com', 'FEMALE', 894917, '03-10-1972', 'United States', 'nhuffera', 'lLvXBE');
INSERT INTO CUSTOMER (CUST_ID, EMP_ID, FNAME, LNAME, STREET, CITY, STATE, ZIPCODE, MOB_NO, EMAIL, GENDER, SSN, DATE_OF_BIRTH, NATIONALITY, USERNAME, PASSWORD) VALUES (12, 25, 'Omero', 'Boarder', 'Holmberg', 'Austin', 'Texas', 57374, '5123866644', 'oboarderb@comcast.net', 'MALE', 357284, '05-09-1990', 'United States', 'oboarderb', 'mUm45nuP');
INSERT INTO CUSTOMER (CUST_ID, EMP_ID, FNAME, LNAME, STREET, CITY, STATE, ZIPCODE, MOB_NO, EMAIL, GENDER, SSN, DATE_OF_BIRTH, NATIONALITY, USERNAME, PASSWORD) VALUES (13, 44, 'Norry', 'Latta', '1st', 'Fort Lauderdale', 'Florida', 33059, '7547519705', 'nlattac@mail.ru', 'MALE', 998253, '16-09-1971', 'United States', 'nlattac', 'SN9LgTvEL');
INSERT INTO CUSTOMER (CUST_ID, EMP_ID, FNAME, LNAME, STREET, CITY, STATE, ZIPCODE, MOB_NO, EMAIL, GENDER, SSN, DATE_OF_BIRTH, NATIONALITY, USERNAME, PASSWORD) VALUES (14, 24, 'Yves', 'Zorzini', 'Mendota', 'Augusta', 'Georgia', 61975, '7068295021', 'yzorzinid@netscape.com', 'FEMALE', 892825, '14-03-1992', 'United States', 'yzorzinid', 'vTfKhbGAw');
INSERT INTO CUSTOMER (CUST_ID, EMP_ID, FNAME, LNAME, STREET, CITY, STATE, ZIPCODE, MOB_NO, EMAIL, GENDER, SSN, DATE_OF_BIRTH, NATIONALITY, USERNAME, PASSWORD) VALUES (15, 48, 'Charlean', 'Tamplin', 'Forest Dale', 'Oklahoma City', 'Oklahoma', 18511, '4052107703', 'ctampline@state.gov', 'FEMALE', 269105, '05-07-1963', 'United States', 'ctampline', 'qQXnBm');
INSERT INTO CUSTOMER (CUST_ID, EMP_ID, FNAME, LNAME, STREET, CITY, STATE, ZIPCODE, MOB_NO, EMAIL, GENDER, SSN, DATE_OF_BIRTH, NATIONALITY, USERNAME, PASSWORD) VALUES (16, 10, 'Cris', 'Keerl', 'Helena', 'Wichita', 'Kansas', 82103, '3164490974', 'ckeerlf@yelp.com', 'MALE', 333830, '12-12-1999', 'United States', 'ckeerlf', 'sFtXAC7l1b');
INSERT INTO CUSTOMER (CUST_ID, EMP_ID, FNAME, LNAME, STREET, CITY, STATE, ZIPCODE, MOB_NO, EMAIL, GENDER, SSN, DATE_OF_BIRTH, NATIONALITY, USERNAME, PASSWORD) VALUES (17, 29, 'Kelcy', 'Charville', 'Esker', 'Arlington', 'Texas', 79696, '2147189901', 'kcharvilleg@businessweek.com', 'MALE', 744248, '27-02-1981', 'United States', 'kcharvilleg', 'p5UMdYElyL');
INSERT INTO CUSTOMER (CUST_ID, EMP_ID, FNAME, LNAME, STREET, CITY, STATE, ZIPCODE, MOB_NO, EMAIL, GENDER, SSN, DATE_OF_BIRTH, NATIONALITY, USERNAME, PASSWORD) VALUES (18, 2, 'Padraig', 'Balling', 'Gale', 'Aurora', 'Colorado', 82865, '3033011489', 'pballingh@usda.gov', 'FEMALE', 677226, '15-01-1965', 'United States', 'pballingh', 'xekfoAQaFSZ');
INSERT INTO CUSTOMER (CUST_ID, EMP_ID, FNAME, LNAME, STREET, CITY, STATE, ZIPCODE, MOB_NO, EMAIL, GENDER, SSN, DATE_OF_BIRTH, NATIONALITY, USERNAME, PASSWORD) VALUES (19, 35, 'Lianne', 'Whaymand', 'International', 'Norcross', 'Georgia', 80418, '6786204144', 'lwhaymandi@indiatimes.com', 'MALE', 489854, '11-09-1969', 'United States', 'lwhaymandi', 'G6S9XM');
INSERT INTO CUSTOMER (CUST_ID, EMP_ID, FNAME, LNAME, STREET, CITY, STATE, ZIPCODE, MOB_NO, EMAIL, GENDER, SSN, DATE_OF_BIRTH, NATIONALITY, USERNAME, PASSWORD) VALUES (20, 39, 'Phillis', 'Goddman', 'Fulton', 'Meridian', 'Mississippi', 22396, '6015115075', 'pgoddmanj@mapy.cz', 'MALE', 694152, '07-06-2001', 'United States', 'pgoddmanj', 'SnPbG10Yvgv');
INSERT INTO CUSTOMER (CUST_ID, EMP_ID, FNAME, LNAME, STREET, CITY, STATE, ZIPCODE, MOB_NO, EMAIL, GENDER, SSN, DATE_OF_BIRTH, NATIONALITY, USERNAME, PASSWORD) VALUES (21, 48, 'Brendin', 'Paule', 'Everett', 'Shawnee Mission', 'Kansas', 81479, '9137499200', 'bpaulek@w3.org', 'MALE', 936602, '09-12-1979', 'United States', 'bpaulek', 'KhOH1dx8KoCh');
INSERT INTO CUSTOMER (CUST_ID, EMP_ID, FNAME, LNAME, STREET, CITY, STATE, ZIPCODE, MOB_NO, EMAIL, GENDER, SSN, DATE_OF_BIRTH, NATIONALITY, USERNAME, PASSWORD) VALUES (22, 36, 'Renaldo', 'O''Hare', 'Dayton', 'Mobile', 'Alabama', 39022, '2517821234', 'roharel@yolasite.com', 'FEMALE', 595921, '16-12-1972', 'United States', 'roharel', 'Q66Seo2NywF');
INSERT INTO CUSTOMER (CUST_ID, EMP_ID, FNAME, LNAME, STREET, CITY, STATE, ZIPCODE, MOB_NO, EMAIL, GENDER, SSN, DATE_OF_BIRTH, NATIONALITY, USERNAME, PASSWORD) VALUES (23, 50, 'Giorgio', 'Shucksmith', 'Jenna', 'West Palm Beach', 'Florida', 46010, '5612351256', 'gshucksmithm@slideshare.net', 'MALE', 273435, '01-09-1994', 'United States', 'gshucksmithm', 'AcMA3VNy');
INSERT INTO CUSTOMER (CUST_ID, EMP_ID, FNAME, LNAME, STREET, CITY, STATE, ZIPCODE, MOB_NO, EMAIL, GENDER, SSN, DATE_OF_BIRTH, NATIONALITY, USERNAME, PASSWORD) VALUES (24, 3, 'Teddi', 'Donati', 'Mockingbird', 'Salt Lake City', 'Utah', 18531, '8015152277', 'tdonatin@tripod.com', 'FEMALE', 175062, '29-05-1972', 'United States', 'tdonatin', 'qQb7G0uiMdY');
INSERT INTO CUSTOMER (CUST_ID, EMP_ID, FNAME, LNAME, STREET, CITY, STATE, ZIPCODE, MOB_NO, EMAIL, GENDER, SSN, DATE_OF_BIRTH, NATIONALITY, USERNAME, PASSWORD) VALUES (25, 5, 'Luci', 'Lambdin', 'Mccormick', 'Santa Monica', 'California', 23087, '8181356314', 'llambdino@twitpic.com', 'FEMALE', 642742, '08-11-1969', 'United States', 'llambdino', 'MOE3G3Mj');
INSERT INTO CUSTOMER (CUST_ID, EMP_ID, FNAME, LNAME, STREET, CITY, STATE, ZIPCODE, MOB_NO, EMAIL, GENDER, SSN, DATE_OF_BIRTH, NATIONALITY, USERNAME, PASSWORD) VALUES (26, 48, 'Ethyl', 'Baish', 'Mockingbird', 'Bowie', 'Maryland', 64902, '2404119523', 'ebaishp@nature.com', 'FEMALE', 159725, '16-06-1995', 'United States', 'ebaishp', 'wtlypX4kAHs');
INSERT INTO CUSTOMER (CUST_ID, EMP_ID, FNAME, LNAME, STREET, CITY, STATE, ZIPCODE, MOB_NO, EMAIL, GENDER, SSN, DATE_OF_BIRTH, NATIONALITY, USERNAME, PASSWORD) VALUES (27, 42, 'Barnabas', 'Dislee', 'Graceland', 'Greensboro', 'North Carolina', 62274, '9103947677', 'bdisleeq@ocn.ne.jp', 'MALE', 250037, '31-05-1982', 'United States', 'bdisleeq', 'EkvHi9KUkKZF');
INSERT INTO CUSTOMER (CUST_ID, EMP_ID, FNAME, LNAME, STREET, CITY, STATE, ZIPCODE, MOB_NO, EMAIL, GENDER, SSN, DATE_OF_BIRTH, NATIONALITY, USERNAME, PASSWORD) VALUES (28, 16, 'Sally', 'Trembey', 'Warrior', 'San Diego', 'California', 48409, '6192696373', 'strembeyr@youku.com', 'FEMALE', 154941, '02-09-1985', 'United States', 'strembeyr', 'faZJK7CAMU');
INSERT INTO CUSTOMER (CUST_ID, EMP_ID, FNAME, LNAME, STREET, CITY, STATE, ZIPCODE, MOB_NO, EMAIL, GENDER, SSN, DATE_OF_BIRTH, NATIONALITY, USERNAME, PASSWORD) VALUES (29, 26, 'Carilyn', 'Bachura', '2nd', 'Fort Lauderdale', 'Florida', 68287, '9541146889', 'cbachuras@feedburner.com', 'FEMALE', 402131, '11-11-1961', 'United States', 'cbachuras', 'MrN10tG');
INSERT INTO CUSTOMER (CUST_ID, EMP_ID, FNAME, LNAME, STREET, CITY, STATE, ZIPCODE, MOB_NO, EMAIL, GENDER, SSN, DATE_OF_BIRTH, NATIONALITY, USERNAME, PASSWORD) VALUES (30, 42, 'Rand', 'Westoll', 'Springview', 'Yonkers', 'New York', 84411, '9149340799', 'rwestollt@livejournal.com', 'MALE', 822816, '05-04-1993', 'United States', 'rwestollt', '2tvwo5UoB');
INSERT INTO CUSTOMER (CUST_ID, EMP_ID, FNAME, LNAME, STREET, CITY, STATE, ZIPCODE, MOB_NO, EMAIL, GENDER, SSN, DATE_OF_BIRTH, NATIONALITY, USERNAME, PASSWORD) VALUES (31, 25, 'Deerdre', 'Manuaud', 'Leroy', 'Washington', 'District of Columbia', 58610, '2027610778', 'dmanuaudu@washingtonpost.com', 'FEMALE', 964615, '26-03-1967', 'United States', 'dmanuaudu', '7DwaB4IZ6');
INSERT INTO CUSTOMER (CUST_ID, EMP_ID, FNAME, LNAME, STREET, CITY, STATE, ZIPCODE, MOB_NO, EMAIL, GENDER, SSN, DATE_OF_BIRTH, NATIONALITY, USERNAME, PASSWORD) VALUES (32, 34, 'Corinna', 'Blackmuir', 'Northwestern', 'Portland', 'Oregon', 93376, '9711851367', 'cblackmuirv@istockphoto.com', 'MALE', 604998, '10-05-1995', 'United States', 'cblackmuirv', 'DYgUCrAmXZ');
INSERT INTO CUSTOMER (CUST_ID, EMP_ID, FNAME, LNAME, STREET, CITY, STATE, ZIPCODE, MOB_NO, EMAIL, GENDER, SSN, DATE_OF_BIRTH, NATIONALITY, USERNAME, PASSWORD) VALUES (33, 37, 'Niven', 'Brundell', 'Kim', 'Saint Paul', 'Minnesota', 62392, '6519276706', 'nbrundellw@salon.com', 'MALE', 168761, '05-05-1969', 'United States', 'nbrundellw', 'MJqi8NiK9y3N');
INSERT INTO CUSTOMER (CUST_ID, EMP_ID, FNAME, LNAME, STREET, CITY, STATE, ZIPCODE, MOB_NO, EMAIL, GENDER, SSN, DATE_OF_BIRTH, NATIONALITY, USERNAME, PASSWORD) VALUES (34, 4, 'Richmound', 'Soule', 'Maywood', 'Tulsa', 'Oklahoma', 15179, '9189327244', 'rsoulex@google.de', 'MALE', 770363, '21-04-1964', 'United States', 'rsoulex', 'twTpLT');
INSERT INTO CUSTOMER (CUST_ID, EMP_ID, FNAME, LNAME, STREET, CITY, STATE, ZIPCODE, MOB_NO, EMAIL, GENDER, SSN, DATE_OF_BIRTH, NATIONALITY, USERNAME, PASSWORD) VALUES (35, 7, 'Gwennie', 'Grzeszczak', 'Farragut', 'Seattle', 'Washington', 89798, '4253068458', 'ggrzeszczaky@google.nl', 'FEMALE', 238204, '08-03-1981', 'United States', 'ggrzeszczaky', 'qN3DmW');
INSERT INTO CUSTOMER (CUST_ID, EMP_ID, FNAME, LNAME, STREET, CITY, STATE, ZIPCODE, MOB_NO, EMAIL, GENDER, SSN, DATE_OF_BIRTH, NATIONALITY, USERNAME, PASSWORD) VALUES (36, 27, 'Koenraad', 'Allbon', 'Southridge', 'Bellevue', 'Washington', 42382, '4256275098', 'kallbonz@pcworld.com', 'FEMALE', 964413, '15-10-1962', 'United States', 'kallbonz', 'OTo1WzsRJ');
INSERT INTO CUSTOMER (CUST_ID, EMP_ID, FNAME, LNAME, STREET, CITY, STATE, ZIPCODE, MOB_NO, EMAIL, GENDER, SSN, DATE_OF_BIRTH, NATIONALITY, USERNAME, PASSWORD) VALUES (37, 46, 'Darryl', 'Hoppner', 'Lighthouse Bay', 'Los Angeles', 'California', 59813, '5624207932', 'dhoppner10@yahoo.co.jp', 'FEMALE', 581618, '13-10-1992', 'United States', 'dhoppner10', 'PtIbd9BOG');
INSERT INTO CUSTOMER (CUST_ID, EMP_ID, FNAME, LNAME, STREET, CITY, STATE, ZIPCODE, MOB_NO, EMAIL, GENDER, SSN, DATE_OF_BIRTH, NATIONALITY, USERNAME, PASSWORD) VALUES (38, 26, 'Dru', 'Dingley', 'Southridge', 'Decatur', 'Georgia', 79148, '6786729186', 'ddingley11@ucoz.com', 'FEMALE', 477534, '06-08-1996', 'United States', 'ddingley11', 'Wr0r4Sf3');
INSERT INTO CUSTOMER (CUST_ID, EMP_ID, FNAME, LNAME, STREET, CITY, STATE, ZIPCODE, MOB_NO, EMAIL, GENDER, SSN, DATE_OF_BIRTH, NATIONALITY, USERNAME, PASSWORD) VALUES (39, 33, 'Ange', 'Woodthorpe', 'Leroy', 'Washington', 'District of Columbia', 42791, '2025999161', 'awoodthorpe12@barnesandnoble.com', 'MALE', 371198, '05-08-1990', 'United States', 'awoodthorpe12', 'vhdwwRfz');
INSERT INTO CUSTOMER (CUST_ID, EMP_ID, FNAME, LNAME, STREET, CITY, STATE, ZIPCODE, MOB_NO, EMAIL, GENDER, SSN, DATE_OF_BIRTH, NATIONALITY, USERNAME, PASSWORD) VALUES (40, 47, 'Mavis', 'Dessaur', 'Warbler', 'Chicago', 'Illinois', 63326, '3127165527', 'mdessaur13@nbcnews.com', 'FEMALE', 746894, '20-06-1999', 'United States', 'mdessaur13', 'ElUfGF9ei9');
INSERT INTO CUSTOMER (CUST_ID, EMP_ID, FNAME, LNAME, STREET, CITY, STATE, ZIPCODE, MOB_NO, EMAIL, GENDER, SSN, DATE_OF_BIRTH, NATIONALITY, USERNAME, PASSWORD) VALUES (41, 1, 'Maybelle', 'Frentz', 'Stone Corner', 'Washington', 'District of Columbia', 52920, '2025767645', 'mfrentz14@acquirethisname.com', 'MALE', 370544, '18-10-1975', 'United States', 'mfrentz14', '79T49V');
INSERT INTO CUSTOMER (CUST_ID, EMP_ID, FNAME, LNAME, STREET, CITY, STATE, ZIPCODE, MOB_NO, EMAIL, GENDER, SSN, DATE_OF_BIRTH, NATIONALITY, USERNAME, PASSWORD) VALUES (42, 39, 'Osborne', 'McDirmid', 'Sugar', 'Bakersfield', 'California', 56868, '6618750711', 'omcdirmid15@java.com', 'MALE', 297553, '05-11-1989', 'United States', 'omcdirmid15', 'h8a1QDgKWisG');
INSERT INTO CUSTOMER (CUST_ID, EMP_ID, FNAME, LNAME, STREET, CITY, STATE, ZIPCODE, MOB_NO, EMAIL, GENDER, SSN, DATE_OF_BIRTH, NATIONALITY, USERNAME, PASSWORD) VALUES (43, 23, 'Jed', 'Matterface', 'Lukken', 'Winston Salem', 'North Carolina', 34306, '7044681711', 'jmatterface16@e-recht24.de', 'FEMALE', 826024, '23-01-1994', 'United States', 'jmatterface16', 'UsqJPKtzGpqW');
INSERT INTO CUSTOMER (CUST_ID, EMP_ID, FNAME, LNAME, STREET, CITY, STATE, ZIPCODE, MOB_NO, EMAIL, GENDER, SSN, DATE_OF_BIRTH, NATIONALITY, USERNAME, PASSWORD) VALUES (44, 4, 'Padraic', 'Rennie', 'Sycamore', 'Cincinnati', 'Ohio', 72942, '5135496060', 'prennie17@vk.com', 'MALE', 679025, '11-09-1977', 'United States', 'prennie17', 'QyMBVfHu');
INSERT INTO CUSTOMER (CUST_ID, EMP_ID, FNAME, LNAME, STREET, CITY, STATE, ZIPCODE, MOB_NO, EMAIL, GENDER, SSN, DATE_OF_BIRTH, NATIONALITY, USERNAME, PASSWORD) VALUES (45, 4, 'Holli', 'Pelham', 'Sommers', 'Pittsburgh', 'Pennsylvania', 90438, '4126418621', 'hpelham18@amazon.de', 'MALE', 719132, '20-12-1990', 'United States', 'hpelham18', 'DfvxlJzD3DKk');
INSERT INTO CUSTOMER (CUST_ID, EMP_ID, FNAME, LNAME, STREET, CITY, STATE, ZIPCODE, MOB_NO, EMAIL, GENDER, SSN, DATE_OF_BIRTH, NATIONALITY, USERNAME, PASSWORD) VALUES (46, 25, 'Joscelin', 'Jouanot', 'Killdeer', 'Fort Worth', 'Texas', 20638, '8177649099', 'jjouanot19@taobao.com', 'MALE', 469393, '28-05-1969', 'United States', 'jjouanot19', 'on7Orq3Gne');
INSERT INTO CUSTOMER (CUST_ID, EMP_ID, FNAME, LNAME, STREET, CITY, STATE, ZIPCODE, MOB_NO, EMAIL, GENDER, SSN, DATE_OF_BIRTH, NATIONALITY, USERNAME, PASSWORD) VALUES (47, 23, 'Jarrad', 'Wickens', 'Debs', 'Long Beach', 'California', 87724, '5629722582', 'jwickens1a@cisco.com', 'MALE', 425910, '22-12-1964', 'United States', 'jwickens1a', 'iYBI8BL8');
INSERT INTO CUSTOMER (CUST_ID, EMP_ID, FNAME, LNAME, STREET, CITY, STATE, ZIPCODE, MOB_NO, EMAIL, GENDER, SSN, DATE_OF_BIRTH, NATIONALITY, USERNAME, PASSWORD) VALUES (48, 12, 'Hayward', 'Riddett', 'Parkside', 'Katy', 'Texas', 93087, '8322409312', 'hriddett1b@omniture.com', 'FEMALE', 772155, '09-04-1979', 'United States', 'hriddett1b', 'Q5rvCxK1');
INSERT INTO CUSTOMER (CUST_ID, EMP_ID, FNAME, LNAME, STREET, CITY, STATE, ZIPCODE, MOB_NO, EMAIL, GENDER, SSN, DATE_OF_BIRTH, NATIONALITY, USERNAME, PASSWORD) VALUES (49, 27, 'Gustavus', 'Kondratyuk', 'Vernon', 'Albany', 'New York', 80551, '5181132067', 'gkondratyuk1c@xing.com', 'MALE', 183965, '20-07-1979', 'United States', 'gkondratyuk1c', 'fwgl3KrGC');
INSERT INTO CUSTOMER (CUST_ID, EMP_ID, FNAME, LNAME, STREET, CITY, STATE, ZIPCODE, MOB_NO, EMAIL, GENDER, SSN, DATE_OF_BIRTH, NATIONALITY, USERNAME, PASSWORD) VALUES (50, 45, 'Felecia', 'Hubert', 'Holy Cross', 'El Paso', 'Texas', 90880, '9155986756', 'fhubert1d@loc.gov', 'MALE', 556390, '04-06-1963', 'United States', 'fhubert1d', 'jNtwFD');
INSERT INTO CUSTOMER (CUST_ID, EMP_ID, FNAME, LNAME, STREET, CITY, STATE, ZIPCODE, MOB_NO, EMAIL, GENDER, SSN, DATE_OF_BIRTH, NATIONALITY, USERNAME, PASSWORD) VALUES (51, 31, 'Wynne', 'Corinton', 'Sloan', 'Homestead', 'Florida', 55848, '3058956802', 'wcorinton1e@meetup.com', 'MALE', 752281, '20-06-1985', 'United States', 'wcorinton1e', 'dT7pQUgMq4Z6');
INSERT INTO CUSTOMER (CUST_ID, EMP_ID, FNAME, LNAME, STREET, CITY, STATE, ZIPCODE, MOB_NO, EMAIL, GENDER, SSN, DATE_OF_BIRTH, NATIONALITY, USERNAME, PASSWORD) VALUES (52, 17, 'Lita', 'Jelley', 'Troy', 'El Paso', 'Texas', 14274, '9155986371', 'ljelley1f@symantec.com', 'FEMALE', 840675, '12-04-1963', 'United States', 'ljelley1f', 'cgNtVz0Gqs');
INSERT INTO CUSTOMER (CUST_ID, EMP_ID, FNAME, LNAME, STREET, CITY, STATE, ZIPCODE, MOB_NO, EMAIL, GENDER, SSN, DATE_OF_BIRTH, NATIONALITY, USERNAME, PASSWORD) VALUES (53, 8, 'Reine', 'Thomsen', 'Sunbrook', 'Bloomington', 'Illinois', 85063, '3093760742', 'rthomsen1g@mashable.com', 'MALE', 818256, '12-04-2001', 'United States', 'rthomsen1g', 'G4jQA7X6XIT');
INSERT INTO CUSTOMER (CUST_ID, EMP_ID, FNAME, LNAME, STREET, CITY, STATE, ZIPCODE, MOB_NO, EMAIL, GENDER, SSN, DATE_OF_BIRTH, NATIONALITY, USERNAME, PASSWORD) VALUES (54, 7, 'Willi', 'Laborde', 'Melrose', 'Des Moines', 'Iowa', 59432, '5157136505', 'wlaborde1h@nature.com', 'FEMALE', 878549, '10-01-1976', 'United States', 'wlaborde1h', 'PZKsVS3U5oD');
INSERT INTO CUSTOMER (CUST_ID, EMP_ID, FNAME, LNAME, STREET, CITY, STATE, ZIPCODE, MOB_NO, EMAIL, GENDER, SSN, DATE_OF_BIRTH, NATIONALITY, USERNAME, PASSWORD) VALUES (55, 45, 'Marcille', 'Boyles', 'Namekagon', 'Kansas City', 'Missouri', 85965, '8166498896', 'mboyles1i@nasa.gov', 'FEMALE', 350373, '25-07-1993', 'United States', 'mboyles1i', '6OKw0ejF6');
INSERT INTO CUSTOMER (CUST_ID, EMP_ID, FNAME, LNAME, STREET, CITY, STATE, ZIPCODE, MOB_NO, EMAIL, GENDER, SSN, DATE_OF_BIRTH, NATIONALITY, USERNAME, PASSWORD) VALUES (56, 44, 'Kyle', 'Gambie', 'Superior', 'Staten Island', 'New York', 74875, '9145255756', 'kgambie1j@bing.com', 'MALE', 735946, '04-03-1973', 'United States', 'kgambie1j', 'V0WZwGx9');
INSERT INTO CUSTOMER (CUST_ID, EMP_ID, FNAME, LNAME, STREET, CITY, STATE, ZIPCODE, MOB_NO, EMAIL, GENDER, SSN, DATE_OF_BIRTH, NATIONALITY, USERNAME, PASSWORD) VALUES (57, 11, 'Sig', 'Simacek', 'Vermont', 'Mobile', 'Alabama', 79730, '2518698113', 'ssimacek1k@spiegel.de', 'MALE', 764864, '25-11-1971', 'United States', 'ssimacek1k', 'BIfjCqt3K');
INSERT INTO CUSTOMER (CUST_ID, EMP_ID, FNAME, LNAME, STREET, CITY, STATE, ZIPCODE, MOB_NO, EMAIL, GENDER, SSN, DATE_OF_BIRTH, NATIONALITY, USERNAME, PASSWORD) VALUES (58, 32, 'Asher', 'Goldsberry', '6th', 'Charleston', 'West Virginia', 15849, '3046791725', 'agoldsberry1l@trellian.com', 'FEMALE', 436216, '01-08-1980', 'United States', 'agoldsberry1l', 'YYQlEvwKttan');
INSERT INTO CUSTOMER (CUST_ID, EMP_ID, FNAME, LNAME, STREET, CITY, STATE, ZIPCODE, MOB_NO, EMAIL, GENDER, SSN, DATE_OF_BIRTH, NATIONALITY, USERNAME, PASSWORD) VALUES (59, 17, 'Melicent', 'Beauman', 'Hollow Ridge', 'Dallas', 'Texas', 69728, '9723205292', 'mbeauman1m@salon.com', 'FEMALE', 456641, '11-03-1968', 'United States', 'mbeauman1m', '4ndkQb');
INSERT INTO CUSTOMER (CUST_ID, EMP_ID, FNAME, LNAME, STREET, CITY, STATE, ZIPCODE, MOB_NO, EMAIL, GENDER, SSN, DATE_OF_BIRTH, NATIONALITY, USERNAME, PASSWORD) VALUES (60, 45, 'Curtis', 'Kliemchen', 'Hoard', 'York', 'Pennsylvania', 30796, '7178078072', 'ckliemchen1n@gravatar.com', 'MALE', 489395, '20-04-1985', 'United States', 'ckliemchen1n', 'dZ2ETLufixr');
INSERT INTO CUSTOMER (CUST_ID, EMP_ID, FNAME, LNAME, STREET, CITY, STATE, ZIPCODE, MOB_NO, EMAIL, GENDER, SSN, DATE_OF_BIRTH, NATIONALITY, USERNAME, PASSWORD) VALUES (61, 42, 'Kora', 'Hainning', 'Hoepker', 'Pittsburgh', 'Pennsylvania', 90196, '4129014663', 'khainning1o@house.gov', 'MALE', 593319, '19-06-1996', 'United States', 'khainning1o', 'iKPzvkh');
INSERT INTO CUSTOMER (CUST_ID, EMP_ID, FNAME, LNAME, STREET, CITY, STATE, ZIPCODE, MOB_NO, EMAIL, GENDER, SSN, DATE_OF_BIRTH, NATIONALITY, USERNAME, PASSWORD) VALUES (62, 24, 'Michele', 'Bayley', 'Truax', 'Lexington', 'Kentucky', 84775, '8591716474', 'mbayley1p@statcounter.com', 'FEMALE', 970119, '30-01-1983', 'United States', 'mbayley1p', 'B8SyKvgx9cpn');
INSERT INTO CUSTOMER (CUST_ID, EMP_ID, FNAME, LNAME, STREET, CITY, STATE, ZIPCODE, MOB_NO, EMAIL, GENDER, SSN, DATE_OF_BIRTH, NATIONALITY, USERNAME, PASSWORD) VALUES (63, 38, 'Desmond', 'Cultcheth', 'Northland', 'Evansville', 'Indiana', 20490, '8127265879', 'dcultcheth1q@51.la', 'FEMALE', 863949, '08-04-1977', 'United States', 'dcultcheth1q', 'l3FwBVBK');
INSERT INTO CUSTOMER (CUST_ID, EMP_ID, FNAME, LNAME, STREET, CITY, STATE, ZIPCODE, MOB_NO, EMAIL, GENDER, SSN, DATE_OF_BIRTH, NATIONALITY, USERNAME, PASSWORD) VALUES (64, 35, 'Phelia', 'Suckling', 'Mitchell', 'Miami', 'Florida', 33002, '7867675907', 'psuckling1r@globo.com', 'FEMALE', 661476, '13-10-1971', 'United States', 'psuckling1r', 'lEEXHvzPsPv');
INSERT INTO CUSTOMER (CUST_ID, EMP_ID, FNAME, LNAME, STREET, CITY, STATE, ZIPCODE, MOB_NO, EMAIL, GENDER, SSN, DATE_OF_BIRTH, NATIONALITY, USERNAME, PASSWORD) VALUES (65, 23, 'Valeria', 'Claydon', 'Charing Cross', 'Austin', 'Texas', 58764, '5123131228', 'vclaydon1s@vkontakte.ru', 'MALE', 445260, '06-05-1999', 'United States', 'vclaydon1s', 'jlsdAXMJ');
INSERT INTO CUSTOMER (CUST_ID, EMP_ID, FNAME, LNAME, STREET, CITY, STATE, ZIPCODE, MOB_NO, EMAIL, GENDER, SSN, DATE_OF_BIRTH, NATIONALITY, USERNAME, PASSWORD) VALUES (66, 13, 'Katalin', 'Forsyth', 'Little Fleur', 'Missoula', 'Montana', 97916, '4063983372', 'kforsyth1t@qq.com', 'FEMALE', 395916, '03-05-1996', 'United States', 'kforsyth1t', 'DKoqxdo');
INSERT INTO CUSTOMER (CUST_ID, EMP_ID, FNAME, LNAME, STREET, CITY, STATE, ZIPCODE, MOB_NO, EMAIL, GENDER, SSN, DATE_OF_BIRTH, NATIONALITY, USERNAME, PASSWORD) VALUES (67, 7, 'Romonda', 'Marrian', 'Heath', 'Stamford', 'Connecticut', 53321, '2032531192', 'rmarrian1u@youtube.com', 'MALE', 965517, '25-04-1988', 'United States', 'rmarrian1u', 'zn14BEVjelX');
INSERT INTO CUSTOMER (CUST_ID, EMP_ID, FNAME, LNAME, STREET, CITY, STATE, ZIPCODE, MOB_NO, EMAIL, GENDER, SSN, DATE_OF_BIRTH, NATIONALITY, USERNAME, PASSWORD) VALUES (68, 47, 'Jaime', 'Wellstood', 'Sullivan', 'Washington', 'District of Columbia', 96524, '2023399616', 'jwellstood1v@hubpages.com', 'MALE', 292275, '08-06-1978', 'United States', 'jwellstood1v', 'EZQSIy');
INSERT INTO CUSTOMER (CUST_ID, EMP_ID, FNAME, LNAME, STREET, CITY, STATE, ZIPCODE, MOB_NO, EMAIL, GENDER, SSN, DATE_OF_BIRTH, NATIONALITY, USERNAME, PASSWORD) VALUES (69, 48, 'Robbi', 'Cornewell', 'Buell', 'Augusta', 'Georgia', 59712, '7065728281', 'rcornewell1w@imdb.com', 'FEMALE', 668766, '28-01-1973', 'United States', 'rcornewell1w', 'h5CIK978');
INSERT INTO CUSTOMER (CUST_ID, EMP_ID, FNAME, LNAME, STREET, CITY, STATE, ZIPCODE, MOB_NO, EMAIL, GENDER, SSN, DATE_OF_BIRTH, NATIONALITY, USERNAME, PASSWORD) VALUES (70, 45, 'Fee', 'Veschambes', 'Parkside', 'Boulder', 'Colorado', 24872, '3033081885', 'fveschambes1x@tamu.edu', 'FEMALE', 962073, '02-03-1994', 'United States', 'fveschambes1x', 'o5jFr4IWBD');
INSERT INTO CUSTOMER (CUST_ID, EMP_ID, FNAME, LNAME, STREET, CITY, STATE, ZIPCODE, MOB_NO, EMAIL, GENDER, SSN, DATE_OF_BIRTH, NATIONALITY, USERNAME, PASSWORD) VALUES (71, 2, 'Charla', 'Pfertner', 'Pankratz', 'Washington', 'District of Columbia', 57215, '2026401366', 'cpfertner1y@columbia.edu', 'FEMALE', 488238, '13-04-1989', 'United States', 'cpfertner1y', 'D2yiGh');
INSERT INTO CUSTOMER (CUST_ID, EMP_ID, FNAME, LNAME, STREET, CITY, STATE, ZIPCODE, MOB_NO, EMAIL, GENDER, SSN, DATE_OF_BIRTH, NATIONALITY, USERNAME, PASSWORD) VALUES (72, 13, 'Carlyn', 'Eloi', 'Scofield', 'Detroit', 'Michigan', 74900, '3137370936', 'celoi1z@printfriendly.com', 'MALE', 516450, '20-04-1965', 'United States', 'celoi1z', 'N2xsaz3');
INSERT INTO CUSTOMER (CUST_ID, EMP_ID, FNAME, LNAME, STREET, CITY, STATE, ZIPCODE, MOB_NO, EMAIL, GENDER, SSN, DATE_OF_BIRTH, NATIONALITY, USERNAME, PASSWORD) VALUES (73, 3, 'Anatola', 'Fullerd', 'Cody', 'Los Angeles', 'California', 14644, '2134550903', 'afullerd20@edublogs.org', 'FEMALE', 785290, '01-03-1987', 'United States', 'afullerd20', 'Bdu7wmUGJ92l');
INSERT INTO CUSTOMER (CUST_ID, EMP_ID, FNAME, LNAME, STREET, CITY, STATE, ZIPCODE, MOB_NO, EMAIL, GENDER, SSN, DATE_OF_BIRTH, NATIONALITY, USERNAME, PASSWORD) VALUES (74, 45, 'Concettina', 'Gruby', 'Portage', 'Waco', 'Texas', 61887, '2545094615', 'cgruby21@arstechnica.com', 'MALE', 877894, '22-03-1971', 'United States', 'cgruby21', 'WX4KT8eCt');
INSERT INTO CUSTOMER (CUST_ID, EMP_ID, FNAME, LNAME, STREET, CITY, STATE, ZIPCODE, MOB_NO, EMAIL, GENDER, SSN, DATE_OF_BIRTH, NATIONALITY, USERNAME, PASSWORD) VALUES (75, 23, 'Fae', 'Ferreira', 'Brickson Park', 'Salt Lake City', 'Utah', 87481, '8018312978', 'fferreira22@sun.com', 'FEMALE', 489595, '13-11-2001', 'United States', 'fferreira22', 'PX5K8px6');
INSERT INTO CUSTOMER (CUST_ID, EMP_ID, FNAME, LNAME, STREET, CITY, STATE, ZIPCODE, MOB_NO, EMAIL, GENDER, SSN, DATE_OF_BIRTH, NATIONALITY, USERNAME, PASSWORD) VALUES (76, 27, 'Krystle', 'Bliss', 'Stephen', 'Memphis', 'Tennessee', 15736, '9015276315', 'kbliss23@theguardian.com', 'FEMALE', 545324, '13-05-1974', 'United States', 'kbliss23', 'nH9WZTrKPW6');
INSERT INTO CUSTOMER (CUST_ID, EMP_ID, FNAME, LNAME, STREET, CITY, STATE, ZIPCODE, MOB_NO, EMAIL, GENDER, SSN, DATE_OF_BIRTH, NATIONALITY, USERNAME, PASSWORD) VALUES (77, 21, 'Urbano', 'Faraker', 'Ridgeview', 'Macon', 'Georgia', 43706, '4784519987', 'ufaraker24@ebay.co.uk', 'FEMALE', 703656, '15-06-1969', 'United States', 'ufaraker24', 'CgfhDng52Of');
INSERT INTO CUSTOMER (CUST_ID, EMP_ID, FNAME, LNAME, STREET, CITY, STATE, ZIPCODE, MOB_NO, EMAIL, GENDER, SSN, DATE_OF_BIRTH, NATIONALITY, USERNAME, PASSWORD) VALUES (78, 36, 'Bennie', 'Guerre', 'Pennsylvania', 'Greensboro', 'North Carolina', 87272, '3361462757', 'bguerre25@army.mil', 'FEMALE', 829484, '26-08-1986', 'United States', 'bguerre25', 'WFUabsV9joxy');
INSERT INTO CUSTOMER (CUST_ID, EMP_ID, FNAME, LNAME, STREET, CITY, STATE, ZIPCODE, MOB_NO, EMAIL, GENDER, SSN, DATE_OF_BIRTH, NATIONALITY, USERNAME, PASSWORD) VALUES (79, 42, 'Sig', 'Caughey', 'Sheridan', 'Wilkes Barre', 'Pennsylvania', 63748, '5705935072', 'scaughey26@homestead.com', 'MALE', 868084, '02-11-1975', 'United States', 'scaughey26', 'EBQ91UDpa');
INSERT INTO CUSTOMER (CUST_ID, EMP_ID, FNAME, LNAME, STREET, CITY, STATE, ZIPCODE, MOB_NO, EMAIL, GENDER, SSN, DATE_OF_BIRTH, NATIONALITY, USERNAME, PASSWORD) VALUES (80, 20, 'Tripp', 'Rissen', 'Nobel', 'Albuquerque', 'New Mexico', 22182, '5051929792', 'trissen27@ocn.ne.jp', 'FEMALE', 179818, '22-01-2002', 'United States', 'trissen27', 'luvjx1');
INSERT INTO CUSTOMER (CUST_ID, EMP_ID, FNAME, LNAME, STREET, CITY, STATE, ZIPCODE, MOB_NO, EMAIL, GENDER, SSN, DATE_OF_BIRTH, NATIONALITY, USERNAME, PASSWORD) VALUES (81, 25, 'Valentina', 'Rodden', 'Crescent Oaks', 'Albuquerque', 'New Mexico', 44475, '5051297678', 'vrodden28@eventbrite.com', 'MALE', 702112, '11-11-1982', 'United States', 'vrodden28', 'zLilwap');
INSERT INTO CUSTOMER (CUST_ID, EMP_ID, FNAME, LNAME, STREET, CITY, STATE, ZIPCODE, MOB_NO, EMAIL, GENDER, SSN, DATE_OF_BIRTH, NATIONALITY, USERNAME, PASSWORD) VALUES (82, 40, 'Melisande', 'Wilkison', 'High Crossing', 'Falls Church', 'Virginia', 35193, '5714187489', 'mwilkison29@zdnet.com', 'FEMALE', 706040, '11-08-1964', 'United States', 'mwilkison29', 'TbIqCS3u');
INSERT INTO CUSTOMER (CUST_ID, EMP_ID, FNAME, LNAME, STREET, CITY, STATE, ZIPCODE, MOB_NO, EMAIL, GENDER, SSN, DATE_OF_BIRTH, NATIONALITY, USERNAME, PASSWORD) VALUES (83, 15, 'Ibbie', 'Daybell', 'Russell', 'Toledo', 'Ohio', 64295, '4192546649', 'idaybell2a@flickr.com', 'FEMALE', 927684, '14-10-1986', 'United States', 'idaybell2a', 'Cxx4qmqy');
INSERT INTO CUSTOMER (CUST_ID, EMP_ID, FNAME, LNAME, STREET, CITY, STATE, ZIPCODE, MOB_NO, EMAIL, GENDER, SSN, DATE_OF_BIRTH, NATIONALITY, USERNAME, PASSWORD) VALUES (84, 48, 'Chadd', 'Kays', 'Maywood', 'Columbus', 'Ohio', 19711, '6142418406', 'ckays2b@umich.edu', 'FEMALE', 253780, '26-07-1994', 'United States', 'ckays2b', 'QU7eMstYUp');
INSERT INTO CUSTOMER (CUST_ID, EMP_ID, FNAME, LNAME, STREET, CITY, STATE, ZIPCODE, MOB_NO, EMAIL, GENDER, SSN, DATE_OF_BIRTH, NATIONALITY, USERNAME, PASSWORD) VALUES (85, 11, 'Ethe', 'Rickcord', 'Thierer', 'Waterbury', 'Connecticut', 19010, '2033715915', 'erickcord2c@4shared.com', 'FEMALE', 546554, '07-08-1974', 'United States', 'erickcord2c', 'ecIuRbT');
INSERT INTO CUSTOMER (CUST_ID, EMP_ID, FNAME, LNAME, STREET, CITY, STATE, ZIPCODE, MOB_NO, EMAIL, GENDER, SSN, DATE_OF_BIRTH, NATIONALITY, USERNAME, PASSWORD) VALUES (86, 1, 'Garv', 'Kears', 'Gale', 'Atlanta', 'Georgia', 63637, '4049738785', 'gkears2d@ftc.gov', 'MALE', 559883, '22-12-1969', 'United States', 'gkears2d', '9EiWZc');
INSERT INTO CUSTOMER (CUST_ID, EMP_ID, FNAME, LNAME, STREET, CITY, STATE, ZIPCODE, MOB_NO, EMAIL, GENDER, SSN, DATE_OF_BIRTH, NATIONALITY, USERNAME, PASSWORD) VALUES (87, 10, 'Willyt', 'Giacopelo', 'Corry', 'Brockton', 'Massachusetts', 44551, '5081997827', 'wgiacopelo2e@yale.edu', 'FEMALE', 524421, '05-12-1988', 'United States', 'wgiacopelo2e', '0ovwla');
INSERT INTO CUSTOMER (CUST_ID, EMP_ID, FNAME, LNAME, STREET, CITY, STATE, ZIPCODE, MOB_NO, EMAIL, GENDER, SSN, DATE_OF_BIRTH, NATIONALITY, USERNAME, PASSWORD) VALUES (88, 17, 'Leigh', 'Coolbear', 'Loeprich', 'Tampa', 'Florida', 72224, '8131521015', 'lcoolbear2f@com.com', 'FEMALE', 597431, '17-03-1988', 'United States', 'lcoolbear2f', 'FFvQtKIOHEa');
INSERT INTO CUSTOMER (CUST_ID, EMP_ID, FNAME, LNAME, STREET, CITY, STATE, ZIPCODE, MOB_NO, EMAIL, GENDER, SSN, DATE_OF_BIRTH, NATIONALITY, USERNAME, PASSWORD) VALUES (89, 42, 'Lesly', 'Thorwarth', 'Judy', 'Gastonia', 'North Carolina', 42835, '7041214153', 'lthorwarth2g@omniture.com', 'MALE', 104648, '14-09-1968', 'United States', 'lthorwarth2g', '7T4R6jQC');
INSERT INTO CUSTOMER (CUST_ID, EMP_ID, FNAME, LNAME, STREET, CITY, STATE, ZIPCODE, MOB_NO, EMAIL, GENDER, SSN, DATE_OF_BIRTH, NATIONALITY, USERNAME, PASSWORD) VALUES (90, 36, 'Max', 'Calton', 'Mifflin', 'Baltimore', 'Maryland', 24070, '4109584032', 'mcalton2h@va.gov', 'MALE', 183183, '20-09-2002', 'United States', 'mcalton2h', '8PwKHSqJTQki');
INSERT INTO CUSTOMER (CUST_ID, EMP_ID, FNAME, LNAME, STREET, CITY, STATE, ZIPCODE, MOB_NO, EMAIL, GENDER, SSN, DATE_OF_BIRTH, NATIONALITY, USERNAME, PASSWORD) VALUES (91, 5, 'Worth', 'Leese', 'South', 'Atlanta', 'Georgia', 90835, '4046741182', 'wleese2i@nhs.uk', 'FEMALE', 353680, '13-03-1984', 'United States', 'wleese2i', '7Vev7xpddtg');
INSERT INTO CUSTOMER (CUST_ID, EMP_ID, FNAME, LNAME, STREET, CITY, STATE, ZIPCODE, MOB_NO, EMAIL, GENDER, SSN, DATE_OF_BIRTH, NATIONALITY, USERNAME, PASSWORD) VALUES (92, 25, 'Fayina', 'Dyet', 'Rusk', 'Chesapeake', 'Virginia', 26650, '7577314904', 'fdyet2j@godaddy.com', 'FEMALE', 493251, '16-08-1988', 'United States', 'fdyet2j', '2ogRU5E1i7oH');
INSERT INTO CUSTOMER (CUST_ID, EMP_ID, FNAME, LNAME, STREET, CITY, STATE, ZIPCODE, MOB_NO, EMAIL, GENDER, SSN, DATE_OF_BIRTH, NATIONALITY, USERNAME, PASSWORD) VALUES (93, 13, 'Shae', 'Ferraro', 'Swallow', 'Daytona Beach', 'Florida', 67073, '3864607419', 'sferraro2k@npr.org', 'MALE', 867885, '20-09-1992', 'United States', 'sferraro2k', 'SvHztFlz6SQ');
INSERT INTO CUSTOMER (CUST_ID, EMP_ID, FNAME, LNAME, STREET, CITY, STATE, ZIPCODE, MOB_NO, EMAIL, GENDER, SSN, DATE_OF_BIRTH, NATIONALITY, USERNAME, PASSWORD) VALUES (94, 45, 'Maynord', 'Cowle', 'Mayer', 'Billings', 'Montana', 73761, '4061571826', 'mcowle2l@reuters.com', 'MALE', 310699, '22-05-1969', 'United States', 'mcowle2l', 'Mx0G6ROc3');
INSERT INTO CUSTOMER (CUST_ID, EMP_ID, FNAME, LNAME, STREET, CITY, STATE, ZIPCODE, MOB_NO, EMAIL, GENDER, SSN, DATE_OF_BIRTH, NATIONALITY, USERNAME, PASSWORD) VALUES (95, 28, 'Ody', 'Garth', 'Schiller', 'Fort Lauderdale', 'Florida', 25709, '9547163995', 'ogarth2m@engadget.com', 'FEMALE', 676949, '11-02-1971', 'United States', 'ogarth2m', '5v5XR82k');
INSERT INTO CUSTOMER (CUST_ID, EMP_ID, FNAME, LNAME, STREET, CITY, STATE, ZIPCODE, MOB_NO, EMAIL, GENDER, SSN, DATE_OF_BIRTH, NATIONALITY, USERNAME, PASSWORD) VALUES (96, 47, 'Shane', 'Sabatini', 'Anniversary', 'Washington', 'District of Columbia', 38861, '2024389728', 'ssabatini2n@1und1.de', 'MALE', 651475, '05-04-1999', 'United States', 'ssabatini2n', 'NKbslJx8cUy');
INSERT INTO CUSTOMER (CUST_ID, EMP_ID, FNAME, LNAME, STREET, CITY, STATE, ZIPCODE, MOB_NO, EMAIL, GENDER, SSN, DATE_OF_BIRTH, NATIONALITY, USERNAME, PASSWORD) VALUES (97, 24, 'Sumner', 'Dowd', 'Bartillon', 'Lancaster', 'California', 27646, '6614557769', 'sdowd2o@g.co', 'MALE', 757475, '03-08-1992', 'United States', 'sdowd2o', 'c7wyCkCKaGj');
INSERT INTO CUSTOMER (CUST_ID, EMP_ID, FNAME, LNAME, STREET, CITY, STATE, ZIPCODE, MOB_NO, EMAIL, GENDER, SSN, DATE_OF_BIRTH, NATIONALITY, USERNAME, PASSWORD) VALUES (98, 33, 'Lorne', 'Smeaton', 'Golden Leaf', 'Philadelphia', 'Pennsylvania', 44471, '6107850850', 'lsmeaton2p@nbcnews.com', 'FEMALE', 493061, '03-09-1968', 'United States', 'lsmeaton2p', 'ZymrPsNFt');
INSERT INTO CUSTOMER (CUST_ID, EMP_ID, FNAME, LNAME, STREET, CITY, STATE, ZIPCODE, MOB_NO, EMAIL, GENDER, SSN, DATE_OF_BIRTH, NATIONALITY, USERNAME, PASSWORD) VALUES (99, 40, 'Alexi', 'Fader', 'Meadow Vale', 'Anaheim', 'California', 38043, '7147611777', 'afader2q@wordpress.com', 'MALE', 595672, '02-11-1962', 'United States', 'afader2q', 'djn8YJ3Bf');
INSERT INTO CUSTOMER (CUST_ID, EMP_ID, FNAME, LNAME, STREET, CITY, STATE, ZIPCODE, MOB_NO, EMAIL, GENDER, SSN, DATE_OF_BIRTH, NATIONALITY, USERNAME, PASSWORD) VALUES (100, 41, 'Vitoria', 'Schankelborg', 'Crescent Oaks', 'El Paso', 'Texas', 99085, '9156528490', 'vschankelborg2r@mtv.com', 'FEMALE', 190359, '15-07-2002', 'United States', 'vschankelborg2r', 'th5ZwKCQE');
COMMIT;

CREATE TABLE ACCOUNT(
ACC_NO INT NOT NULL PRIMARY KEY,
CUST_ID INT REFERENCES CUSTOMER(CUST_ID)  ON DELETE CASCADE,
ACC_TYPE VARCHAR2(50) CONSTRAINT CHECK_ACC_TYPE CHECK (ACC_TYPE IN ('SAVINGS', 'CHECKIN')),
STATUS VARCHAR2(50) CONSTRAINT CHECK_ACC_STATUS CHECK (STATUS IN ('ACTIVE', 'INACTIVE')),
BALANCE FLOAT NOT NULL
);

INSERT INTO ACCOUNT (ACC_NO, CUST_ID, ACC_TYPE, STATUS, BALANCE) VALUES (162566, 1, 'SAVINGS', 'ACTIVE', 2872);
INSERT INTO ACCOUNT (ACC_NO, CUST_ID, ACC_TYPE, STATUS, BALANCE) VALUES (142678, 1, 'CHECKIN', 'ACTIVE', 5789);
INSERT INTO ACCOUNT (ACC_NO, CUST_ID, ACC_TYPE, STATUS, BALANCE) VALUES (105116, 2, 'CHECKIN', 'ACTIVE', 1803);
INSERT INTO ACCOUNT (ACC_NO, CUST_ID, ACC_TYPE, STATUS, BALANCE) VALUES (763200, 3, 'SAVINGS', 'INACTIVE', 3083);
INSERT INTO ACCOUNT (ACC_NO, CUST_ID, ACC_TYPE, STATUS, BALANCE) VALUES (753421, 3, 'CHECKIN', 'ACTIVE', 2342);
INSERT INTO ACCOUNT (ACC_NO, CUST_ID, ACC_TYPE, STATUS, BALANCE) VALUES (894061, 4, 'SAVINGS', 'INACTIVE', 3536);
INSERT INTO ACCOUNT (ACC_NO, CUST_ID, ACC_TYPE, STATUS, BALANCE) VALUES (445416, 5, 'SAVINGS', 'INACTIVE', 3937);
INSERT INTO ACCOUNT (ACC_NO, CUST_ID, ACC_TYPE, STATUS, BALANCE) VALUES (732675, 6, 'SAVINGS', 'ACTIVE', 3106);
INSERT INTO ACCOUNT (ACC_NO, CUST_ID, ACC_TYPE, STATUS, BALANCE) VALUES (156259, 7, 'CHECKIN', 'ACTIVE', 4584);
INSERT INTO ACCOUNT (ACC_NO, CUST_ID, ACC_TYPE, STATUS, BALANCE) VALUES (113731, 8, 'CHECKIN', 'ACTIVE', 2652);
INSERT INTO ACCOUNT (ACC_NO, CUST_ID, ACC_TYPE, STATUS, BALANCE) VALUES (166128, 9, 'SAVINGS', 'ACTIVE', 1695);
INSERT INTO ACCOUNT (ACC_NO, CUST_ID, ACC_TYPE, STATUS, BALANCE) VALUES (123683, 9, 'CHECKIN', 'ACTIVE', 3295);
INSERT INTO ACCOUNT (ACC_NO, CUST_ID, ACC_TYPE, STATUS, BALANCE) VALUES (345411, 10, 'SAVINGS', 'ACTIVE', 4790);
INSERT INTO ACCOUNT (ACC_NO, CUST_ID, ACC_TYPE, STATUS, BALANCE) VALUES (291170, 11, 'CHECKIN', 'ACTIVE', 2926);
INSERT INTO ACCOUNT (ACC_NO, CUST_ID, ACC_TYPE, STATUS, BALANCE) VALUES (589844, 12, 'CHECKIN', 'ACTIVE', 4338);
INSERT INTO ACCOUNT (ACC_NO, CUST_ID, ACC_TYPE, STATUS, BALANCE) VALUES (858302, 13, 'CHECKIN', 'INACTIVE', 2685);
INSERT INTO ACCOUNT (ACC_NO, CUST_ID, ACC_TYPE, STATUS, BALANCE) VALUES (571895, 14, 'SAVINGS', 'ACTIVE', 1664);
INSERT INTO ACCOUNT (ACC_NO, CUST_ID, ACC_TYPE, STATUS, BALANCE) VALUES (137092, 15, 'SAVINGS', 'ACTIVE', 3798);
INSERT INTO ACCOUNT (ACC_NO, CUST_ID, ACC_TYPE, STATUS, BALANCE) VALUES (463296, 16, 'SAVINGS', 'INACTIVE', 740);
INSERT INTO ACCOUNT (ACC_NO, CUST_ID, ACC_TYPE, STATUS, BALANCE) VALUES (335734, 17, 'CHECKIN', 'INACTIVE', 4946);
INSERT INTO ACCOUNT (ACC_NO, CUST_ID, ACC_TYPE, STATUS, BALANCE) VALUES (303820, 18, 'CHECKIN', 'ACTIVE', 3027);
INSERT INTO ACCOUNT (ACC_NO, CUST_ID, ACC_TYPE, STATUS, BALANCE) VALUES (439699, 19, 'SAVINGS', 'ACTIVE', 4506);
INSERT INTO ACCOUNT (ACC_NO, CUST_ID, ACC_TYPE, STATUS, BALANCE) VALUES (457896, 19, 'CHECKIN', 'ACTIVE', 9806);
INSERT INTO ACCOUNT (ACC_NO, CUST_ID, ACC_TYPE, STATUS, BALANCE) VALUES (841433, 20, 'CHECKIN', 'INACTIVE', 1145);
INSERT INTO ACCOUNT (ACC_NO, CUST_ID, ACC_TYPE, STATUS, BALANCE) VALUES (858877, 21, 'CHECKIN', 'INACTIVE', 2939);
INSERT INTO ACCOUNT (ACC_NO, CUST_ID, ACC_TYPE, STATUS, BALANCE) VALUES (814577, 22, 'CHECKIN', 'INACTIVE', 4036);
INSERT INTO ACCOUNT (ACC_NO, CUST_ID, ACC_TYPE, STATUS, BALANCE) VALUES (279547, 23, 'CHECKIN', 'INACTIVE', 4077);
INSERT INTO ACCOUNT (ACC_NO, CUST_ID, ACC_TYPE, STATUS, BALANCE) VALUES (793243, 24, 'CHECKIN', 'ACTIVE', 3442);
INSERT INTO ACCOUNT (ACC_NO, CUST_ID, ACC_TYPE, STATUS, BALANCE) VALUES (601477, 25, 'SAVINGS', 'ACTIVE', 2812);
INSERT INTO ACCOUNT (ACC_NO, CUST_ID, ACC_TYPE, STATUS, BALANCE) VALUES (408224, 26, 'SAVINGS', 'INACTIVE', 2803);
INSERT INTO ACCOUNT (ACC_NO, CUST_ID, ACC_TYPE, STATUS, BALANCE) VALUES (473283, 27, 'CHECKIN', 'ACTIVE', 4593);
INSERT INTO ACCOUNT (ACC_NO, CUST_ID, ACC_TYPE, STATUS, BALANCE) VALUES (731749, 28, 'CHECKIN', 'ACTIVE', 1990);
INSERT INTO ACCOUNT (ACC_NO, CUST_ID, ACC_TYPE, STATUS, BALANCE) VALUES (245145, 29, 'CHECKIN', 'ACTIVE', 4092);
INSERT INTO ACCOUNT (ACC_NO, CUST_ID, ACC_TYPE, STATUS, BALANCE) VALUES (899244, 30, 'CHECKIN', 'INACTIVE', 4763);
INSERT INTO ACCOUNT (ACC_NO, CUST_ID, ACC_TYPE, STATUS, BALANCE) VALUES (998767, 31, 'SAVINGS', 'INACTIVE', 3029);
INSERT INTO ACCOUNT (ACC_NO, CUST_ID, ACC_TYPE, STATUS, BALANCE) VALUES (752601, 32, 'CHECKIN', 'ACTIVE', 4184);
INSERT INTO ACCOUNT (ACC_NO, CUST_ID, ACC_TYPE, STATUS, BALANCE) VALUES (185303, 33, 'SAVINGS', 'INACTIVE', 3557);
INSERT INTO ACCOUNT (ACC_NO, CUST_ID, ACC_TYPE, STATUS, BALANCE) VALUES (810004, 34, 'CHECKIN', 'ACTIVE', 4896);
INSERT INTO ACCOUNT (ACC_NO, CUST_ID, ACC_TYPE, STATUS, BALANCE) VALUES (832785, 35, 'SAVINGS', 'ACTIVE', 3876);
INSERT INTO ACCOUNT (ACC_NO, CUST_ID, ACC_TYPE, STATUS, BALANCE) VALUES (316385, 36, 'SAVINGS', 'INACTIVE', 4931);
INSERT INTO ACCOUNT (ACC_NO, CUST_ID, ACC_TYPE, STATUS, BALANCE) VALUES (397717, 37, 'CHECKIN', 'ACTIVE', 2002);
INSERT INTO ACCOUNT (ACC_NO, CUST_ID, ACC_TYPE, STATUS, BALANCE) VALUES (254035, 38, 'SAVINGS', 'INACTIVE', 1063);
INSERT INTO ACCOUNT (ACC_NO, CUST_ID, ACC_TYPE, STATUS, BALANCE) VALUES (670721, 39, 'SAVINGS', 'ACTIVE', 2096);
INSERT INTO ACCOUNT (ACC_NO, CUST_ID, ACC_TYPE, STATUS, BALANCE) VALUES (347852, 39, 'CHECKIN', 'ACTIVE', 6596);
INSERT INTO ACCOUNT (ACC_NO, CUST_ID, ACC_TYPE, STATUS, BALANCE) VALUES (211765, 40, 'SAVINGS', 'INACTIVE', 1638);
INSERT INTO ACCOUNT (ACC_NO, CUST_ID, ACC_TYPE, STATUS, BALANCE) VALUES (346927, 41, 'SAVINGS', 'INACTIVE', 3498);
INSERT INTO ACCOUNT (ACC_NO, CUST_ID, ACC_TYPE, STATUS, BALANCE) VALUES (335429, 42, 'CHECKIN', 'ACTIVE', 2494);
INSERT INTO ACCOUNT (ACC_NO, CUST_ID, ACC_TYPE, STATUS, BALANCE) VALUES (206163, 43, 'CHECKIN', 'ACTIVE', 3380);
INSERT INTO ACCOUNT (ACC_NO, CUST_ID, ACC_TYPE, STATUS, BALANCE) VALUES (893452, 43, 'SAVINGS', 'ACTIVE', 8912);
INSERT INTO ACCOUNT (ACC_NO, CUST_ID, ACC_TYPE, STATUS, BALANCE) VALUES (800487, 44, 'SAVINGS', 'ACTIVE', 1065);
INSERT INTO ACCOUNT (ACC_NO, CUST_ID, ACC_TYPE, STATUS, BALANCE) VALUES (134239, 45, 'SAVINGS', 'INACTIVE', 4492);
INSERT INTO ACCOUNT (ACC_NO, CUST_ID, ACC_TYPE, STATUS, BALANCE) VALUES (224695, 46, 'SAVINGS', 'INACTIVE', 1807);
INSERT INTO ACCOUNT (ACC_NO, CUST_ID, ACC_TYPE, STATUS, BALANCE) VALUES (686087, 47, 'SAVINGS', 'INACTIVE', 3107);
INSERT INTO ACCOUNT (ACC_NO, CUST_ID, ACC_TYPE, STATUS, BALANCE) VALUES (876290, 48, 'CHECKIN', 'ACTIVE', 4420);
INSERT INTO ACCOUNT (ACC_NO, CUST_ID, ACC_TYPE, STATUS, BALANCE) VALUES (426041, 49, 'CHECKIN', 'ACTIVE', 1290);
INSERT INTO ACCOUNT (ACC_NO, CUST_ID, ACC_TYPE, STATUS, BALANCE) VALUES (937845, 49, 'SAVINGS', 'ACTIVE', 10290);
INSERT INTO ACCOUNT (ACC_NO, CUST_ID, ACC_TYPE, STATUS, BALANCE) VALUES (206281, 50, 'SAVINGS', 'ACTIVE', 4044);
INSERT INTO ACCOUNT (ACC_NO, CUST_ID, ACC_TYPE, STATUS, BALANCE) VALUES (196395, 51, 'CHECKIN', 'ACTIVE', 3073);
INSERT INTO ACCOUNT (ACC_NO, CUST_ID, ACC_TYPE, STATUS, BALANCE) VALUES (150536, 52, 'SAVINGS', 'INACTIVE', 2537);
INSERT INTO ACCOUNT (ACC_NO, CUST_ID, ACC_TYPE, STATUS, BALANCE) VALUES (988618, 53, 'CHECKIN', 'ACTIVE', 2645);
INSERT INTO ACCOUNT (ACC_NO, CUST_ID, ACC_TYPE, STATUS, BALANCE) VALUES (261563, 54, 'SAVINGS', 'ACTIVE', 2328);
INSERT INTO ACCOUNT (ACC_NO, CUST_ID, ACC_TYPE, STATUS, BALANCE) VALUES (732089, 55, 'SAVINGS', 'INACTIVE', 722);
INSERT INTO ACCOUNT (ACC_NO, CUST_ID, ACC_TYPE, STATUS, BALANCE) VALUES (569935, 56, 'SAVINGS', 'INACTIVE', 2945);
INSERT INTO ACCOUNT (ACC_NO, CUST_ID, ACC_TYPE, STATUS, BALANCE) VALUES (239503, 57, 'CHECKIN', 'ACTIVE', 1382);
INSERT INTO ACCOUNT (ACC_NO, CUST_ID, ACC_TYPE, STATUS, BALANCE) VALUES (730274, 58, 'SAVINGS', 'ACTIVE', 3167);
INSERT INTO ACCOUNT (ACC_NO, CUST_ID, ACC_TYPE, STATUS, BALANCE) VALUES (447241, 59, 'SAVINGS', 'ACTIVE', 3993);
INSERT INTO ACCOUNT (ACC_NO, CUST_ID, ACC_TYPE, STATUS, BALANCE) VALUES (977145, 60, 'SAVINGS', 'INACTIVE', 4487);
INSERT INTO ACCOUNT (ACC_NO, CUST_ID, ACC_TYPE, STATUS, BALANCE) VALUES (292983, 61, 'CHECKIN', 'ACTIVE', 1268);
INSERT INTO ACCOUNT (ACC_NO, CUST_ID, ACC_TYPE, STATUS, BALANCE) VALUES (874722, 62, 'CHECKIN', 'ACTIVE', 4077);
INSERT INTO ACCOUNT (ACC_NO, CUST_ID, ACC_TYPE, STATUS, BALANCE) VALUES (295192, 63, 'CHECKIN', 'INACTIVE', 3119);
INSERT INTO ACCOUNT (ACC_NO, CUST_ID, ACC_TYPE, STATUS, BALANCE) VALUES (990788, 64, 'SAVINGS', 'INACTIVE', 4008);
INSERT INTO ACCOUNT (ACC_NO, CUST_ID, ACC_TYPE, STATUS, BALANCE) VALUES (467093, 65, 'SAVINGS', 'ACTIVE', 4547);
INSERT INTO ACCOUNT (ACC_NO, CUST_ID, ACC_TYPE, STATUS, BALANCE) VALUES (925185, 66, 'SAVINGS', 'INACTIVE', 3219);
INSERT INTO ACCOUNT (ACC_NO, CUST_ID, ACC_TYPE, STATUS, BALANCE) VALUES (583704, 67, 'CHECKIN', 'INACTIVE', 4684);
INSERT INTO ACCOUNT (ACC_NO, CUST_ID, ACC_TYPE, STATUS, BALANCE) VALUES (317362, 68, 'CHECKIN', 'ACTIVE', 2537);
INSERT INTO ACCOUNT (ACC_NO, CUST_ID, ACC_TYPE, STATUS, BALANCE) VALUES (466624, 69, 'CHECKIN', 'ACTIVE', 2734);
INSERT INTO ACCOUNT (ACC_NO, CUST_ID, ACC_TYPE, STATUS, BALANCE) VALUES (213092, 70, 'SAVINGS', 'INACTIVE', 2169);
INSERT INTO ACCOUNT (ACC_NO, CUST_ID, ACC_TYPE, STATUS, BALANCE) VALUES (367547, 71, 'SAVINGS', 'INACTIVE', 3803);
INSERT INTO ACCOUNT (ACC_NO, CUST_ID, ACC_TYPE, STATUS, BALANCE) VALUES (117533, 72, 'SAVINGS', 'INACTIVE', 2671);
INSERT INTO ACCOUNT (ACC_NO, CUST_ID, ACC_TYPE, STATUS, BALANCE) VALUES (589182, 73, 'SAVINGS', 'INACTIVE', 4543);
INSERT INTO ACCOUNT (ACC_NO, CUST_ID, ACC_TYPE, STATUS, BALANCE) VALUES (219987, 74, 'SAVINGS', 'INACTIVE', 3007);
INSERT INTO ACCOUNT (ACC_NO, CUST_ID, ACC_TYPE, STATUS, BALANCE) VALUES (927619, 75, 'SAVINGS', 'INACTIVE', 1076);
INSERT INTO ACCOUNT (ACC_NO, CUST_ID, ACC_TYPE, STATUS, BALANCE) VALUES (496414, 76, 'CHECKIN', 'ACTIVE', 4902);
INSERT INTO ACCOUNT (ACC_NO, CUST_ID, ACC_TYPE, STATUS, BALANCE) VALUES (341495, 77, 'SAVINGS', 'INACTIVE', 4168);
INSERT INTO ACCOUNT (ACC_NO, CUST_ID, ACC_TYPE, STATUS, BALANCE) VALUES (181203, 78, 'CHECKIN', 'INACTIVE', 2710);
INSERT INTO ACCOUNT (ACC_NO, CUST_ID, ACC_TYPE, STATUS, BALANCE) VALUES (602166, 79, 'SAVINGS', 'ACTIVE', 2585);
INSERT INTO ACCOUNT (ACC_NO, CUST_ID, ACC_TYPE, STATUS, BALANCE) VALUES (501979, 80, 'SAVINGS', 'INACTIVE', 1894);
INSERT INTO ACCOUNT (ACC_NO, CUST_ID, ACC_TYPE, STATUS, BALANCE) VALUES (608169, 81, 'SAVINGS', 'ACTIVE', 1798);
INSERT INTO ACCOUNT (ACC_NO, CUST_ID, ACC_TYPE, STATUS, BALANCE) VALUES (493217, 82, 'SAVINGS', 'ACTIVE', 1279);
INSERT INTO ACCOUNT (ACC_NO, CUST_ID, ACC_TYPE, STATUS, BALANCE) VALUES (862573, 83, 'CHECKIN', 'INACTIVE', 3454);
INSERT INTO ACCOUNT (ACC_NO, CUST_ID, ACC_TYPE, STATUS, BALANCE) VALUES (754315, 84, 'CHECKIN', 'INACTIVE', 3830);
INSERT INTO ACCOUNT (ACC_NO, CUST_ID, ACC_TYPE, STATUS, BALANCE) VALUES (190576, 85, 'CHECKIN', 'ACTIVE', 2819);
INSERT INTO ACCOUNT (ACC_NO, CUST_ID, ACC_TYPE, STATUS, BALANCE) VALUES (892390, 85, 'SAVINGS', 'ACTIVE', 12549);
INSERT INTO ACCOUNT (ACC_NO, CUST_ID, ACC_TYPE, STATUS, BALANCE) VALUES (562619, 86, 'SAVINGS', 'INACTIVE', 1165);
INSERT INTO ACCOUNT (ACC_NO, CUST_ID, ACC_TYPE, STATUS, BALANCE) VALUES (152936, 87, 'CHECKIN', 'ACTIVE', 1471);
INSERT INTO ACCOUNT (ACC_NO, CUST_ID, ACC_TYPE, STATUS, BALANCE) VALUES (569110, 88, 'CHECKIN', 'INACTIVE', 2792);
INSERT INTO ACCOUNT (ACC_NO, CUST_ID, ACC_TYPE, STATUS, BALANCE) VALUES (918029, 89, 'CHECKIN', 'ACTIVE', 4998);
INSERT INTO ACCOUNT (ACC_NO, CUST_ID, ACC_TYPE, STATUS, BALANCE) VALUES (719227, 90, 'CHECKIN', 'INACTIVE', 1378);
INSERT INTO ACCOUNT (ACC_NO, CUST_ID, ACC_TYPE, STATUS, BALANCE) VALUES (407180, 91, 'CHECKIN', 'ACTIVE', 3128);
INSERT INTO ACCOUNT (ACC_NO, CUST_ID, ACC_TYPE, STATUS, BALANCE) VALUES (463093, 92, 'SAVINGS', 'INACTIVE', 4244);
INSERT INTO ACCOUNT (ACC_NO, CUST_ID, ACC_TYPE, STATUS, BALANCE) VALUES (882553, 93, 'CHECKIN', 'ACTIVE', 4671);
INSERT INTO ACCOUNT (ACC_NO, CUST_ID, ACC_TYPE, STATUS, BALANCE) VALUES (315000, 94, 'CHECKIN', 'ACTIVE', 3421);
INSERT INTO ACCOUNT (ACC_NO, CUST_ID, ACC_TYPE, STATUS, BALANCE) VALUES (459232, 95, 'CHECKIN', 'ACTIVE', 2337);
INSERT INTO ACCOUNT (ACC_NO, CUST_ID, ACC_TYPE, STATUS, BALANCE) VALUES (839490, 96, 'SAVINGS', 'ACTIVE', 1691);
INSERT INTO ACCOUNT (ACC_NO, CUST_ID, ACC_TYPE, STATUS, BALANCE) VALUES (551734, 97, 'CHECKIN', 'ACTIVE', 2251);
INSERT INTO ACCOUNT (ACC_NO, CUST_ID, ACC_TYPE, STATUS, BALANCE) VALUES (317863, 98, 'SAVINGS', 'ACTIVE', 2966);
INSERT INTO ACCOUNT (ACC_NO, CUST_ID, ACC_TYPE, STATUS, BALANCE) VALUES (370191, 99, 'CHECKIN', 'INACTIVE', 2367);
INSERT INTO ACCOUNT (ACC_NO, CUST_ID, ACC_TYPE, STATUS, BALANCE) VALUES (643286, 100, 'SAVINGS', 'ACTIVE', 4101);
COMMIT;

CREATE TABLE TRANSACTION(
TRANS_ID INT NOT NULL PRIMARY KEY,
PRI_ACC_NO INT REFERENCES ACCOUNT(ACC_NO) ON DELETE CASCADE,
SEC_ACC_NO INT REFERENCES ACCOUNT(ACC_NO),
TRANS_TYPE VARCHAR2(50) NOT NULL CONSTRAINT CHECK_TRANS_TYPE CHECK (TRANS_TYPE IN ('DD', 'CHEQUE', 'ZELLE')),
TRANS_DATE DATE DEFAULT SYSDATE,
AMOUNT FLOAT NOT NULL,
DEBIT_CREDIT_FLAG VARCHAR(10) NOT NULL CONSTRAINT CHECK_TRANS_FLAG CHECK (DEBIT_CREDIT_FLAG IN ('DEBIT', 'CREDIT'))
);

INSERT INTO TRANSACTION VALUES(1123,643286,317863,'ZELLE','04-12-2022',700,'DEBIT');
INSERT INTO TRANSACTION VALUES(1124,317863,643286,'ZELLE','04-12-2022',700,'CREDIT');
COMMIT;

-- /*************** SEQUENCE *****************/
BEGIN
EXECUTE IMMEDIATE 'DROP SEQUENCE BRANCH_SEQ';
EXCEPTION
   WHEN OTHERS
   THEN NULL;
END;
/

BEGIN
EXECUTE IMMEDIATE 'DROP SEQUENCE EMP_SEQ';
EXCEPTION
   WHEN OTHERS
   THEN NULL;
END;
/

BEGIN
EXECUTE IMMEDIATE 'DROP SEQUENCE CUST_SEQ';
EXCEPTION
   WHEN OTHERS
   THEN NULL;
END;
/

BEGIN
EXECUTE IMMEDIATE 'DROP SEQUENCE TRANS_SEQ';
EXCEPTION
   WHEN OTHERS
   THEN NULL;
END;
/

BEGIN 
    DECLARE
    MAX_ID NUMBER;
    BEGIN
        SELECT MAX(BRANCH_ID)+1 INTO MAX_ID FROM DB_ADMIN.BRANCH;
        EXECUTE IMMEDIATE('CREATE SEQUENCE BRANCH_SEQ MINVALUE '||MAX_ID||' START WITH '||MAX_ID||' INCREMENT BY 1 NOCACHE NOCYCLE');
    END;
END;
/

BEGIN 
    DECLARE
    MAX_EMP_ID NUMBER;
    BEGIN
        SELECT MAX(EMP_ID)+1 INTO MAX_EMP_ID FROM DB_ADMIN.EMPLOYEE;
        EXECUTE IMMEDIATE('CREATE SEQUENCE EMP_SEQ MINVALUE '||MAX_EMP_ID||' START WITH '||MAX_EMP_ID||' INCREMENT BY 1 NOCACHE NOCYCLE');
    END;
END;
/

BEGIN 
    DECLARE
    MAX_CUST_ID NUMBER;
    BEGIN
        SELECT MAX(CUST_ID)+1 INTO MAX_CUST_ID FROM DB_ADMIN.CUSTOMER;
        EXECUTE IMMEDIATE('CREATE SEQUENCE CUST_SEQ MINVALUE '||MAX_CUST_ID||' START WITH '||MAX_CUST_ID||' INCREMENT BY 1 NOCACHE NOCYCLE');
    END;
END;
/


BEGIN 
    DECLARE
    MAX_TRANS_ID INT;
    BEGIN
        SELECT MAX(TRANS_ID)+1 INTO MAX_TRANS_ID FROM DB_ADMIN.TRANSACTION;
        EXECUTE IMMEDIATE('CREATE SEQUENCE TRANS_SEQ MINVALUE '||MAX_TRANS_ID||' START WITH '||MAX_TRANS_ID||' INCREMENT BY 1 NOCACHE NOCYCLE');
    END;
END;
/


-- /*************** BRANCH PACKAGE *****************/
CREATE OR REPLACE PACKAGE BRANCH_PK
AS
	PROCEDURE INSERT_BRH(P_BRANCH_ID BRANCH.BRANCH_ID%TYPE, P_NAME BRANCH.NAME%TYPE  , P_STREET BRANCH.STREET%TYPE , P_CITY BRANCH.CITY%TYPE , P_STATE BRANCH.STATE%TYPE , P_ZIPCODE BRANCH.ZIPCODE%TYPE );
	PROCEDURE DELETE_BRH( P_BRANCH_ID BRANCH.BRANCH_ID%TYPE);
    PROCEDURE TRUN_BRH;
END;
/


CREATE OR REPLACE PACKAGE BODY BRANCH_PK AS

PROCEDURE INSERT_BRH(P_BRANCH_ID IN BRANCH.BRANCH_ID%TYPE, P_NAME IN BRANCH.NAME%TYPE, P_STREET IN BRANCH.STREET%TYPE, P_CITY IN BRANCH.CITY%TYPE, P_STATE IN BRANCH.STATE%TYPE, P_ZIPCODE IN BRANCH.ZIPCODE%TYPE) AS 
BEGIN 	
	INSERT INTO BRANCH (BRANCH_ID, NAME, STREET, CITY, STATE, ZIPCODE) VALUES (P_BRANCH_ID, P_NAME, P_STREET, P_CITY, P_STATE, P_ZIPCODE);
END;

PROCEDURE DELETE_BRH(P_BRANCH_ID IN BRANCH.BRANCH_ID%TYPE) AS
BEGIN 
	DELETE FROM BRANCH WHERE BRANCH_ID = P_BRANCH_ID;
END;

PROCEDURE TRUN_BRH AS
BEGIN
    EXECUTE IMMEDIATE 'TRUNCATE TABLE BRANCH';
END;

END BRANCH_PK;
/


-- /*************** EMPLOYEE PACKAGE *****************/
CREATE OR REPLACE PACKAGE EMP_PK AS
	PROCEDURE INSERT_EMP(E_BRANCH_ID EMPLOYEE.BRANCH_ID%TYPE, 
        E_FNAME EMPLOYEE.FNAME%TYPE, 
        E_LNAME EMPLOYEE.LNAME%TYPE, 
        E_STREET EMPLOYEE.STREET%TYPE, 
        E_CITY EMPLOYEE.CITY%TYPE, 
        E_STATE EMPLOYEE.STATE%TYPE, 
        E_ZIPCODE EMPLOYEE.ZIPCODE%TYPE, 
        E_POSITION EMPLOYEE.POSITION%TYPE, 
        E_MOB_NO INT, 
        E_EMAIL EMPLOYEE.EMAIL%TYPE, 
        E_GENDER EMPLOYEE.GENDER%TYPE, 
        E_SSN INT, 
        E_DATE_OF_BIRTH DATE, 
        E_JOINING_DATE DATE);
	PROCEDURE DELETE_EMP(E_EMP_ID EMPLOYEE.EMP_ID%TYPE);
    PROCEDURE TRUN_EMP;
END;
/

CREATE OR REPLACE PACKAGE BODY EMP_PK AS

PROCEDURE INSERT_EMP(E_BRANCH_ID IN EMPLOYEE.BRANCH_ID%TYPE, 
    E_FNAME IN EMPLOYEE.FNAME%TYPE, 
    E_LNAME IN EMPLOYEE.LNAME%TYPE, 
    E_STREET IN EMPLOYEE.STREET%TYPE, 
    E_CITY IN EMPLOYEE.CITY%TYPE, 
    E_STATE IN EMPLOYEE.STATE%TYPE, 
    E_ZIPCODE IN EMPLOYEE.ZIPCODE%TYPE, 
    E_POSITION IN EMPLOYEE.POSITION%TYPE, 
    E_MOB_NO IN INT, 
    E_EMAIL IN EMPLOYEE.EMAIL%TYPE, 
    E_GENDER IN EMPLOYEE.GENDER%TYPE, 
    E_SSN IN INT, 
    E_DATE_OF_BIRTH IN DATE, 
    E_JOINING_DATE IN DATE) AS
BEGIN 	
	INSERT INTO EMPLOYEE (EMP_ID, BRANCH_ID, FNAME, LNAME, STREET, CITY, STATE, ZIPCODE, POSITION, MOB_NO, EMAIL, GENDER, SSN, DATE_OF_BIRTH, JOINING_DATE) 
	VALUES (EMP_SEQ.NEXTVAL, E_BRANCH_ID, E_FNAME, E_LNAME, E_STREET, E_CITY, E_STATE, E_ZIPCODE, E_POSITION, E_MOB_NO, E_EMAIL, E_GENDER, E_SSN, E_DATE_OF_BIRTH, E_JOINING_DATE);
END;

PROCEDURE DELETE_EMP(E_EMP_ID IN EMPLOYEE.EMP_ID%TYPE) AS
BEGIN 
	DELETE FROM EMPLOYEE WHERE EMP_ID = E_EMP_ID;
END;

PROCEDURE TRUN_EMP AS
BEGIN
    EXECUTE IMMEDIATE 'TRUNCATE TABLE EMPLOYEE';
END;

END EMP_PK;
/


-- /*************** CUSTOMER PACKAGE *****************/
CREATE OR REPLACE PACKAGE CUST_PK AS
	PROCEDURE INSERT_CUST (C_EMP_ID CUSTOMER.EMP_ID%TYPE, 
        C_FNAME CUSTOMER.FNAME%TYPE, 
        C_LNAME CUSTOMER.LNAME%TYPE, 
        C_STREET CUSTOMER.STREET%TYPE, 
        C_CITY CUSTOMER.CITY%TYPE, 
        C_STATE CUSTOMER.STATE%TYPE, 
        C_ZIPCODE CUSTOMER.ZIPCODE%TYPE, 
        C_MOB_NO INT, 
        C_EMAIL CUSTOMER.EMAIL%TYPE, 
        C_GENDER CUSTOMER.GENDER%TYPE, 
        C_SSN INT, 
        C_DATE_OF_BIRTH DATE, 
        C_NATIONALITY CUSTOMER.NATIONALITY%TYPE, 
        C_USERNAME CUSTOMER.USERNAME%TYPE, 
        C_PASSWORD CUSTOMER.PASSWORD%TYPE);
	PROCEDURE DELETE_CUST(C_CUST_ID CUSTOMER.CUST_ID%TYPE);
    PROCEDURE TRUN_CUST;
END;
/


CREATE OR REPLACE PACKAGE BODY CUST_PK AS

PROCEDURE INSERT_CUST(C_EMP_ID IN CUSTOMER.EMP_ID%TYPE, 
    C_FNAME IN CUSTOMER.FNAME%TYPE, 
    C_LNAME IN CUSTOMER.LNAME%TYPE, 
    C_STREET IN CUSTOMER.STREET%TYPE, 
    C_CITY IN CUSTOMER.CITY%TYPE, 
    C_STATE IN CUSTOMER.STATE%TYPE, 
    C_ZIPCODE IN CUSTOMER.ZIPCODE%TYPE, 
    C_MOB_NO IN INT, 
    C_EMAIL IN CUSTOMER.EMAIL%TYPE, 
    C_GENDER IN CUSTOMER.GENDER%TYPE, 
    C_SSN IN INT, 
    C_DATE_OF_BIRTH IN DATE, 
    C_NATIONALITY IN CUSTOMER.NATIONALITY%TYPE, 
    C_USERNAME IN CUSTOMER.USERNAME%TYPE, 
    C_PASSWORD IN CUSTOMER.PASSWORD%TYPE) AS
BEGIN 	
	INSERT INTO CUSTOMER (CUST_ID, EMP_ID, FNAME, LNAME, STREET, CITY, STATE, ZIPCODE, MOB_NO, EMAIL, GENDER, SSN, DATE_OF_BIRTH, NATIONALITY, USERNAME, PASSWORD) 
	VALUES (CUST_SEQ.NEXTVAL, C_EMP_ID, C_FNAME, C_LNAME, C_STREET, C_CITY, C_STATE, C_ZIPCODE, C_MOB_NO, C_EMAIL, C_GENDER, C_SSN, C_DATE_OF_BIRTH, C_NATIONALITY, C_USERNAME, C_PASSWORD);
END;

PROCEDURE DELETE_CUST(C_CUST_ID IN CUSTOMER.CUST_ID%TYPE) AS
BEGIN 
	DELETE FROM CUSTOMER WHERE CUST_ID = C_CUST_ID;
END;

PROCEDURE TRUN_CUST AS
BEGIN
    EXECUTE IMMEDIATE 'TRUNCATE TABLE CUSTOMER';
END;

END CUST_PK;
/


-- /*************** ACCOUNT PACKAGE *****************/
CREATE OR REPLACE PACKAGE ACC_PK AS
	PROCEDURE INSERT_ACC(A_ACC_NO ACCOUNT.ACC_NO%TYPE, 
        A_CUST_ID ACCOUNT.CUST_ID%TYPE, 
        A_ACC_TYPE ACCOUNT.ACC_TYPE%TYPE, 
        A_STATUS ACCOUNT.STATUS%TYPE, 
        A_BALANCE ACCOUNT.BALANCE%TYPE);
	PROCEDURE DELETE_ACC(A_ACC_NO ACCOUNT.ACC_NO%TYPE);
    PROCEDURE TRUN_ACC;
END;
/


CREATE OR REPLACE PACKAGE BODY ACC_PK AS

PROCEDURE INSERT_ACC(A_ACC_NO IN ACCOUNT.ACC_NO%TYPE, 
    A_CUST_ID IN ACCOUNT.CUST_ID%TYPE, 
    A_ACC_TYPE IN ACCOUNT.ACC_TYPE%TYPE, 
    A_STATUS IN ACCOUNT.STATUS%TYPE, 
    A_BALANCE IN ACCOUNT.BALANCE%TYPE) AS
BEGIN 	
	INSERT INTO ACCOUNT (ACC_NO, CUST_ID, ACC_TYPE, STATUS, BALANCE) 
	VALUES (A_ACC_NO, A_CUST_ID, A_ACC_TYPE, A_STATUS, A_BALANCE);
END;

PROCEDURE DELETE_ACC(A_ACC_NO IN ACCOUNT.ACC_NO%TYPE) AS
BEGIN 
	DELETE FROM ACCOUNT WHERE ACC_NO = A_ACC_NO;
END;

PROCEDURE TRUN_ACC AS
BEGIN
    EXECUTE IMMEDIATE 'TRUNCATE TABLE ACCOUNT';
END;

END ACC_PK;
/


-- /*************** TRANSACTION PACKAGE *****************/
CREATE OR REPLACE PACKAGE TRANS_PK
AS

	PROCEDURE INSERT_TRANS(T_TRANS_ID TRANSACTION.TRANS_ID%TYPE, 
    T_PRI_ACC_NO INT, 
    T_SEC_ACC_NO INT,
    T_TRANS_TYPE  TRANSACTION.TRANS_TYPE%TYPE, 
    T_TRANS_DATE DATE, 
    T_AMOUNT  TRANSACTION.AMOUNT%TYPE,
    T_DEBIT_CREDIT_FLAG TRANSACTION.DEBIT_CREDIT_FLAG%TYPE);
	PROCEDURE DELETE_TRANS(T_TRANS_ID TRANSACTION.TRANS_ID%TYPE);
    PROCEDURE TRUN_TRANS;
END;
/


CREATE OR REPLACE PACKAGE BODY TRANS_PK AS

PROCEDURE INSERT_TRANS(T_TRANS_ID IN TRANSACTION.TRANS_ID%TYPE, 
    T_PRI_ACC_NO IN INT, 
    T_SEC_ACC_NO INT,
    T_TRANS_TYPE  IN TRANSACTION.TRANS_TYPE%TYPE, 
    T_TRANS_DATE IN DATE, 
    T_AMOUNT IN TRANSACTION.AMOUNT%TYPE,
    T_DEBIT_CREDIT_FLAG IN TRANSACTION.DEBIT_CREDIT_FLAG%TYPE) AS
BEGIN 	
	INSERT INTO TRANSACTION (TRANS_ID, PRI_ACC_NO, SEC_ACC_NO, TRANS_TYPE, TRANS_DATE, AMOUNT, DEBIT_CREDIT_FLAG) 
	VALUES (T_TRANS_ID, T_PRI_ACC_NO, T_SEC_ACC_NO, T_TRANS_TYPE, T_TRANS_DATE, T_AMOUNT, T_DEBIT_CREDIT_FLAG);
END;

PROCEDURE DELETE_TRANS(T_TRANS_ID TRANSACTION.TRANS_ID%TYPE) AS
BEGIN 
	DELETE FROM TRANSACTION WHERE TRANS_ID = T_TRANS_ID;
END;

PROCEDURE TRUN_TRANS AS
BEGIN
    EXECUTE IMMEDIATE 'TRUNCATE TABLE TRANSACTION';
END;

END TRANS_PK;
/


-- GRANTING EXECUTE PERMISSION ON THE OBJECTS CREATED BY DB_ADMIN
GRANT EXECUTE ON DB_ADMIN.BRANCH_PK TO DB_OPERATOR;
GRANT EXECUTE ON DB_ADMIN.EMP_PK TO DB_OPERATOR;
GRANT EXECUTE ON DB_ADMIN.CUST_PK TO DB_OPERATOR;
GRANT EXECUTE ON DB_ADMIN.ACC_PK TO DB_OPERATOR;
GRANT EXECUTE ON DB_ADMIN.TRANS_PK TO DB_OPERATOR;



--SELECT * FROM ACCOUNT;

--DELETE FROM ACCOUNT WHERE ACC_NO = 231872;

--SELECT * FROM DB_ADMIN.TRANSACTION WHERE PRI_ACC_NO = 238524 ORDER BY TRANS_DATE DESC FETCH FIRST 2 ROWS ONLY;
--SELECT * FROM TRANSACTION;

--SELECT * FROM ALL_OBJECTS WHERE OWNER='DB_ADMIN';
--
--DROP SEQUENCE CUST_SEQ;
--DROP SEQUENCE EMP_SEQ;
